source_file,mask_source,raw_hough_lines,all_fragments_after_min_length,mask_supported_fragments,vertical_fragments,completed_lines,line_id,fragment_count,fragment_ids,x1,y1,x2,y2,theta_deviation_from_vertical_deg,total_original_length,completed_length,max_gap_filled_px,total_shift_px,max_shift_px,total_angle_adjust_deg,max_angle_adjust_deg,edge_support,support_score
IMG_0502.png,data\processed\05_boot_roi\boot_mask\IMG_0502.png,155,155,155,53,45,completed_line_001,3,fragment_001|fragment_013|fragment_014,1939.032,612.0,1948.32,2460.0,0.288,762.0,1848.023,0.0,21.348,7.205,0.864,0.288,0.1753,0.2387
IMG_0502.png,data\processed\05_boot_roi\boot_mask\IMG_0502.png,155,155,155,53,45,completed_line_002,7,fragment_002|fragment_006|fragment_137|fragment_032|fragment_010|fragment_008|fragment_144,1940.057,612.0,1930.735,2460.0,0.289,1384.042,1848.024,7.0,32.375,8.764,2.416,0.682,0.4188,0.3843
IMG_0502.png,data\processed\05_boot_roi\boot_mask\IMG_0502.png,155,155,155,53,45,completed_line_003,1,fragment_003,1357.649,612.0,1381.649,2460.0,0.744,154.013,1848.156,0.0,0.0,0.0,0.0,0.0,0.4805,0.2021
IMG_0502.png,data\processed\05_boot_roi\boot_mask\IMG_0502.png,155,155,155,53,45,completed_line_004,1,fragment_004,1356.12,612.0,1518.364,2460.0,5.017,468.796,1855.108,0.0,0.0,0.0,0.0,0.0,0.2848,0.1844
IMG_0502.png,data\processed\05_boot_roi\boot_mask\IMG_0502.png,155,155,155,53,45,completed_line_005,1,fragment_005,1411.617,612.0,1372.298,2460.0,1.219,141.032,1848.418,0.0,0.0,0.0,0.0,0.0,0.3636,0.1716
IMG_0502.png,data\processed\05_boot_roi\boot_mask\IMG_0502.png,155,155,155,53,45,completed_line_006,1,fragment_007,1349.22,612.0,1380.542,2460.0,0.971,118.017,1848.265,0.0,0.0,0.0,0.0,0.0,0.4838,0.1993
IMG_0502.png,data\processed\05_boot_roi\boot_mask\IMG_0502.png,155,155,155,53,45,completed_line_007,1,fragment_012,1380.0,612.0,1380.0,2460.0,0.0,120.0,1848.0,0.0,0.0,0.0,0.0,0.0,0.4935,0.2019
IMG_0502.png,data\processed\05_boot_roi\boot_mask\IMG_0502.png,155,155,155,53,45,completed_line_008,1,fragment_015,1378.994,612.0,1541.575,2460.0,5.028,342.317,1855.138,0.0,0.0,0.0,0.0,0.0,0.3317,0.1836
IMG_0502.png,data\processed\05_boot_roi\boot_mask\IMG_0502.png,155,155,155,53,45,completed_line_009,1,fragment_016,1337.22,612.0,1368.542,2460.0,0.971,118.017,1848.265,0.0,0.0,0.0,0.0,0.0,0.3425,0.164
IMG_0502.png,data\processed\05_boot_roi\boot_mask\IMG_0502.png,155,155,155,53,45,completed_line_010,1,fragment_017,1358.502,612.0,1385.546,2460.0,0.838,205.022,1848.198,0.0,0.0,0.0,0.0,0.0,0.4156,0.1909
IMG_0502.png,data\processed\05_boot_roi\boot_mask\IMG_0502.png,155,155,155,53,45,completed_line_011,1,fragment_023,1926.0,612.0,1926.0,2460.0,0.0,89.0,1848.0,0.0,0.0,0.0,0.0,0.0,0.526,0.207
IMG_0502.png,data\processed\05_boot_roi\boot_mask\IMG_0502.png,155,155,155,53,45,completed_line_012,1,fragment_029,1625.0,612.0,1625.0,2460.0,0.0,91.0,1848.0,0.0,0.0,0.0,0.0,0.0,0.2273,0.1325
IMG_0502.png,data\processed\05_boot_roi\boot_mask\IMG_0502.png,155,155,155,53,45,completed_line_013,1,fragment_033,1613.621,612.0,1741.069,2460.0,3.945,145.344,1852.39,0.0,0.0,0.0,0.0,0.0,0.3015,0.1565
IMG_0502.png,data\processed\05_boot_roi\boot_mask\IMG_0502.png,155,155,155,53,45,completed_line_014,1,fragment_034,1540.0,612.0,1760.957,2460.0,6.818,92.655,1861.162,0.0,0.0,0.0,0.0,0.0,0.321,0.1561
IMG_0502.png,data\processed\05_boot_roi\boot_mask\IMG_0502.png,155,155,155,53,45,completed_line_015,1,fragment_038,1277.0,612.0,1277.0,2460.0,0.0,169.0,1848.0,0.0,0.0,0.0,0.0,0.0,0.2662,0.15
IMG_0502.png,data\processed\05_boot_roi\boot_mask\IMG_0502.png,155,155,155,53,45,completed_line_016,1,fragment_039,1599.0,612.0,1599.0,2460.0,0.0,98.0,1848.0,0.0,0.0,0.0,0.0,0.0,0.3003,0.1515
IMG_0502.png,data\processed\05_boot_roi\boot_mask\IMG_0502.png,155,155,155,53,45,completed_line_017,1,fragment_040,1929.0,612.0,1929.0,2460.0,0.0,93.0,1848.0,0.0,0.0,0.0,0.0,0.0,0.5325,0.209
IMG_0502.png,data\processed\05_boot_roi\boot_mask\IMG_0502.png,155,155,155,53,45,completed_line_018,1,fragment_043,1395.929,612.0,1363.221,2460.0,1.014,113.018,1848.289,0.0,0.0,0.0,0.0,0.0,0.3847,0.1741
IMG_0502.png,data\processed\05_boot_roi\boot_mask\IMG_0502.png,155,155,155,53,45,completed_line_019,1,fragment_045,1699.09,612.0,1643.511,2460.0,1.723,133.06,1848.836,0.0,0.0,0.0,0.0,0.0,0.3133,0.1582
IMG_0502.png,data\processed\05_boot_roi\boot_mask\IMG_0502.png,155,155,155,53,45,completed_line_020,1,fragment_046,1635.76,612.0,1598.8,2460.0,1.146,100.02,1848.37,0.0,0.0,0.0,0.0,0.0,0.2938,0.15
IMG_0502.png,data\processed\05_boot_roi\boot_mask\IMG_0502.png,155,155,155,53,45,completed_line_021,1,fragment_047,1732.433,612.0,1566.94,2460.0,5.117,134.536,1855.395,0.0,0.0,0.0,0.0,0.0,0.3576,0.1694
IMG_0502.png,data\processed\05_boot_roi\boot_mask\IMG_0502.png,155,155,155,53,45,completed_line_022,1,fragment_050,1395.509,612.0,1360.642,2460.0,1.081,106.019,1848.329,0.0,0.0,0.0,0.0,0.0,0.3701,0.1697
IMG_0502.png,data\processed\05_boot_roi\boot_mask\IMG_0502.png,155,155,155,53,45,completed_line_023,1,fragment_052,1276.0,612.0,1276.0,2460.0,0.0,160.0,1848.0,0.0,0.0,0.0,0.0,0.0,0.263,0.1483
IMG_0502.png,data\processed\05_boot_roi\boot_mask\IMG_0502.png,155,155,155,53,45,completed_line_024,1,fragment_054,1343.221,612.0,1364.709,2460.0,0.666,86.006,1848.125,0.0,0.0,0.0,0.0,0.0,0.2922,0.1483
IMG_0502.png,data\processed\05_boot_roi\boot_mask\IMG_0502.png,155,155,155,53,45,completed_line_025,1,fragment_058,1773.155,612.0,1647.563,2460.0,3.888,103.238,1852.263,0.0,0.0,0.0,0.0,0.0,0.282,0.1474
IMG_0502.png,data\processed\05_boot_roi\boot_mask\IMG_0502.png,155,155,155,53,45,completed_line_026,1,fragment_065,1341.5,612.0,1341.5,2460.0,0.0,93.0,1848.0,0.0,0.0,0.0,0.0,0.0,0.2581,0.1404
IMG_0502.png,data\processed\05_boot_roi\boot_mask\IMG_0502.png,155,155,155,53,45,completed_line_027,1,fragment_066,1346.0,612.0,1346.0,2460.0,0.0,82.0,1848.0,0.0,0.0,0.0,0.0,0.0,0.3182,0.1543
IMG_0502.png,data\processed\05_boot_roi\boot_mask\IMG_0502.png,155,155,155,53,45,completed_line_028,1,fragment_070,1347.0,612.0,1347.0,2460.0,0.0,82.0,1848.0,0.0,0.0,0.0,0.0,0.0,0.3506,0.1625
IMG_0502.png,data\processed\05_boot_roi\boot_mask\IMG_0502.png,155,155,155,53,45,completed_line_029,1,fragment_073,1308.692,612.0,1389.923,2460.0,2.517,91.088,1849.784,0.0,0.0,0.0,0.0,0.0,0.3712,0.1685
IMG_0502.png,data\processed\05_boot_roi\boot_mask\IMG_0502.png,155,155,155,53,45,completed_line_030,1,fragment_076,1598.169,612.0,1660.461,2460.0,1.931,89.051,1849.05,0.0,0.0,0.0,0.0,0.0,0.2955,0.1494
IMG_0502.png,data\processed\05_boot_roi\boot_mask\IMG_0502.png,155,155,155,53,45,completed_line_031,1,fragment_081,963.094,612.0,1090.144,2460.0,3.933,160.378,1852.362,0.0,0.0,0.0,0.0,0.0,0.3906,0.1802
IMG_0502.png,data\processed\05_boot_roi\boot_mask\IMG_0502.png,155,155,155,53,45,completed_line_032,1,fragment_084,1740.0,612.0,1740.0,2460.0,0.0,117.0,1848.0,0.0,0.0,0.0,0.0,0.0,0.1899,0.1258
IMG_0502.png,data\processed\05_boot_roi\boot_mask\IMG_0502.png,155,155,155,53,45,completed_line_033,1,fragment_089,1371.0,612.0,1371.0,2460.0,0.0,111.0,1848.0,0.0,0.0,0.0,0.0,0.0,0.4205,0.1828
IMG_0502.png,data\processed\05_boot_roi\boot_mask\IMG_0502.png,155,155,155,53,45,completed_line_034,1,fragment_090,1282.317,612.0,1497.917,2460.0,6.654,120.814,1860.534,0.0,0.0,0.0,0.0,0.0,0.2774,0.148
IMG_0502.png,data\processed\05_boot_roi\boot_mask\IMG_0502.png,155,155,155,53,45,completed_line_035,1,fragment_093,1286.97,612.0,1342.97,2460.0,1.736,99.045,1848.848,0.0,0.0,0.0,0.0,0.0,0.2127,0.1297
IMG_0502.png,data\processed\05_boot_roi\boot_mask\IMG_0502.png,155,155,155,53,45,completed_line_036,1,fragment_097,1721.897,612.0,1573.207,2460.0,4.6,87.281,1853.972,0.0,0.0,0.0,0.0,0.0,0.3447,0.1615
IMG_0502.png,data\processed\05_boot_roi\boot_mask\IMG_0502.png,155,155,155,53,45,completed_line_037,1,fragment_100,938.848,612.0,1008.848,2460.0,2.169,132.095,1849.325,0.0,0.0,0.0,0.0,0.0,0.2029,0.1305
IMG_0502.png,data\processed\05_boot_roi\boot_mask\IMG_0502.png,155,155,155,53,45,completed_line_038,1,fragment_101,1031.296,612.0,808.852,2460.0,6.864,108.78,1861.34,0.0,0.0,0.0,0.0,0.0,0.1306,0.1101
IMG_0502.png,data\processed\05_boot_roi\boot_mask\IMG_0502.png,155,155,155,53,45,completed_line_039,1,fragment_102,1895.37,612.0,1662.551,2460.0,7.181,128.004,1862.608,0.0,0.0,0.0,0.0,0.0,0.1771,0.1236
IMG_0502.png,data\processed\05_boot_roi\boot_mask\IMG_0502.png,155,155,155,53,45,completed_line_040,1,fragment_115,1921.271,612.0,1692.062,2460.0,7.07,129.988,1862.16,0.0,0.0,0.0,0.0,0.0,0.1014,0.1049
IMG_0502.png,data\processed\05_boot_roi\boot_mask\IMG_0502.png,155,155,155,53,45,completed_line_041,1,fragment_121,1039.214,612.0,819.214,2460.0,6.789,84.593,1861.049,0.0,0.0,0.0,0.0,0.0,0.1581,0.1146
IMG_0502.png,data\processed\05_boot_roi\boot_mask\IMG_0502.png,155,155,155,53,45,completed_line_042,1,fragment_129,926.175,612.0,1159.417,2460.0,7.193,103.817,1862.661,0.0,0.0,0.0,0.0,0.0,0.1739,0.1204
IMG_0502.png,data\processed\05_boot_roi\boot_mask\IMG_0502.png,155,155,155,53,45,completed_line_043,1,fragment_132,1627.32,612.0,1788.796,2460.0,4.994,103.392,1855.041,0.0,0.0,0.0,0.0,0.0,0.2799,0.1469
IMG_0502.png,data\processed\05_boot_roi\boot_mask\IMG_0502.png,155,155,155,53,45,completed_line_044,1,fragment_140,1322.395,612.0,1408.349,2460.0,2.663,86.093,1849.998,0.0,0.0,0.0,0.0,0.0,0.2901,0.1477
IMG_0502.png,data\processed\05_boot_roi\boot_mask\IMG_0502.png,155,155,155,53,45,completed_line_045,1,fragment_150,906.463,612.0,1159.347,2460.0,7.792,95.885,1865.222,0.0,0.0,0.0,0.0,0.0,0.201,0.1264
IMG_0503.png,data\processed\05_boot_roi\boot_mask\IMG_0503.png,129,129,129,54,46,completed_line_001,1,fragment_001,1954.006,736.0,1920.467,2603.0,1.029,167.027,1867.301,0.0,0.0,0.0,0.0,0.0,0.6045,0.2344
IMG_0503.png,data\processed\05_boot_roi\boot_mask\IMG_0503.png,129,129,129,54,46,completed_line_002,1,fragment_002,1928.0,736.0,1928.0,2603.0,0.0,211.0,1867.0,0.0,0.0,0.0,0.0,0.0,0.8055,0.289
IMG_0503.png,data\processed\05_boot_roi\boot_mask\IMG_0503.png,129,129,129,54,46,completed_line_003,1,fragment_003,1382.0,736.0,1382.0,2603.0,0.0,132.0,1867.0,0.0,0.0,0.0,0.0,0.0,0.455,0.1935
IMG_0503.png,data\processed\05_boot_roi\boot_mask\IMG_0503.png,129,129,129,54,46,completed_line_004,1,fragment_004,1379.0,736.0,1379.0,2603.0,0.0,167.0,1867.0,0.0,0.0,0.0,0.0,0.0,0.5289,0.2155
IMG_0503.png,data\processed\05_boot_roi\boot_mask\IMG_0503.png,129,129,129,54,46,completed_line_005,1,fragment_006,1390.619,736.0,1371.371,2603.0,0.591,97.005,1867.099,0.0,0.0,0.0,0.0,0.0,0.381,0.1715
IMG_0503.png,data\processed\05_boot_roi\boot_mask\IMG_0503.png,129,129,129,54,46,completed_line_006,1,fragment_007,1281.0,736.0,1281.0,2603.0,0.0,277.0,1867.0,0.0,0.0,0.0,0.0,0.0,0.2315,0.152
IMG_0503.png,data\processed\05_boot_roi\boot_mask\IMG_0503.png,129,129,129,54,46,completed_line_007,1,fragment_008,1657.561,736.0,1586.841,2603.0,2.169,132.095,1868.339,0.0,0.0,0.0,0.0,0.0,0.2921,0.1528
IMG_0503.png,data\processed\05_boot_roi\boot_mask\IMG_0503.png,129,129,129,54,46,completed_line_008,9,fragment_009|fragment_027|fragment_032|fragment_013|fragment_119|fragment_025|fragment_021|fragment_044|fragment_099,1948.544,736.0,1926.884,2603.0,0.665,1233.048,1867.126,0.0,33.886,7.674,5.553,0.665,0.6158,0.418
IMG_0503.png,data\processed\05_boot_roi\boot_mask\IMG_0503.png,129,129,129,54,46,completed_line_009,1,fragment_010,1610.955,736.0,1751.331,2603.0,4.3,133.375,1872.27,0.0,0.0,0.0,0.0,0.0,0.3093,0.1572
IMG_0503.png,data\processed\05_boot_roi\boot_mask\IMG_0503.png,129,129,129,54,46,completed_line_010,1,fragment_012,1951.08,736.0,1929.864,2603.0,0.651,88.006,1867.121,0.0,0.0,0.0,0.0,0.0,0.4502,0.1879
IMG_0503.png,data\processed\05_boot_roi\boot_mask\IMG_0503.png,129,129,129,54,46,completed_line_011,1,fragment_016,1335.364,736.0,1391.939,2603.0,1.736,99.045,1867.857,0.0,0.0,0.0,0.0,0.0,0.5136,0.2049
IMG_0503.png,data\processed\05_boot_roi\boot_mask\IMG_0503.png,129,129,129,54,46,completed_line_012,1,fragment_017,1900.575,736.0,1943.494,2603.0,1.317,87.023,1867.493,0.0,0.0,0.0,0.0,0.0,0.4116,0.1782
IMG_0503.png,data\processed\05_boot_roi\boot_mask\IMG_0503.png,129,129,129,54,46,completed_line_013,1,fragment_019,1378.0,736.0,1378.0,2603.0,0.0,88.0,1867.0,0.0,0.0,0.0,0.0,0.0,0.5418,0.2108
IMG_0503.png,data\processed\05_boot_roi\boot_mask\IMG_0503.png,129,129,129,54,46,completed_line_014,1,fragment_020,1397.309,736.0,1363.364,2603.0,1.042,110.018,1867.309,0.0,0.0,0.0,0.0,0.0,0.3633,0.1684
IMG_0503.png,data\processed\05_boot_roi\boot_mask\IMG_0503.png,129,129,129,54,46,completed_line_015,1,fragment_023,1378.936,736.0,1552.3,2603.0,5.305,140.602,1875.032,0.0,0.0,0.0,0.0,0.0,0.3056,0.157
IMG_0503.png,data\processed\05_boot_roi\boot_mask\IMG_0503.png,129,129,129,54,46,completed_line_016,1,fragment_024,981.148,736.0,1087.227,2603.0,3.252,88.142,1870.011,0.0,0.0,0.0,0.0,0.0,0.3387,0.1601
IMG_0503.png,data\processed\05_boot_roi\boot_mask\IMG_0503.png,129,129,129,54,46,completed_line_017,1,fragment_026,1924.0,736.0,1924.0,2603.0,0.0,195.0,1867.0,0.0,0.0,0.0,0.0,0.0,0.463,0.2018
IMG_0503.png,data\processed\05_boot_roi\boot_mask\IMG_0503.png,129,129,129,54,46,completed_line_018,1,fragment_029,1605.25,736.0,1838.625,2603.0,7.125,112.872,1881.529,0.0,0.0,0.0,0.0,0.0,0.2807,0.148
IMG_0503.png,data\processed\05_boot_roi\boot_mask\IMG_0503.png,129,129,129,54,46,completed_line_019,1,fragment_031,1947.796,736.0,1927.72,2603.0,0.616,93.005,1867.108,0.0,0.0,0.0,0.0,0.0,0.6077,0.2278
IMG_0503.png,data\processed\05_boot_roi\boot_mask\IMG_0503.png,129,129,129,54,46,completed_line_020,1,fragment_034,1380.0,736.0,1380.0,2603.0,0.0,111.0,1867.0,0.0,0.0,0.0,0.0,0.0,0.5129,0.2059
IMG_0503.png,data\processed\05_boot_roi\boot_mask\IMG_0503.png,129,129,129,54,46,completed_line_021,1,fragment_036,1735.311,736.0,1569.356,2603.0,5.08,90.355,1874.361,0.0,0.0,0.0,0.0,0.0,0.4,0.1756
IMG_0503.png,data\processed\05_boot_roi\boot_mask\IMG_0503.png,129,129,129,54,46,completed_line_022,1,fragment_037,1395.651,736.0,1373.942,2603.0,0.666,86.006,1867.126,0.0,0.0,0.0,0.0,0.0,0.5,0.2002
IMG_0503.png,data\processed\05_boot_roi\boot_mask\IMG_0503.png,129,129,129,54,46,completed_line_023,1,fragment_039,1284.683,736.0,1225.413,2603.0,1.818,126.063,1867.941,0.0,0.0,0.0,0.0,0.0,0.2889,0.1514
IMG_0503.png,data\processed\05_boot_roi\boot_mask\IMG_0503.png,129,129,129,54,46,completed_line_024,1,fragment_041,1364.615,736.0,1518.771,2603.0,4.72,109.371,1873.353,0.0,0.0,0.0,0.0,0.0,0.2837,0.1484
IMG_0503.png,data\processed\05_boot_roi\boot_mask\IMG_0503.png,129,129,129,54,46,completed_line_025,1,fragment_043,1280.803,736.0,1228.211,2603.0,1.614,142.056,1867.741,0.0,0.0,0.0,0.0,0.0,0.2937,0.1542
IMG_0503.png,data\processed\05_boot_roi\boot_mask\IMG_0503.png,129,129,129,54,46,completed_line_026,1,fragment_045,1387.667,736.0,1639.248,2603.0,7.674,142.274,1883.874,0.0,0.0,0.0,0.0,0.0,0.1943,0.1293
IMG_0503.png,data\processed\05_boot_roi\boot_mask\IMG_0503.png,129,129,129,54,46,completed_line_027,1,fragment_046,1625.0,736.0,1625.0,2603.0,0.0,90.0,1867.0,0.0,0.0,0.0,0.0,0.0,0.1929,0.1238
IMG_0503.png,data\processed\05_boot_roi\boot_mask\IMG_0503.png,129,129,129,54,46,completed_line_028,1,fragment_047,978.273,736.0,1091.424,2603.0,3.468,99.182,1870.426,0.0,0.0,0.0,0.0,0.0,0.3451,0.1628
IMG_0503.png,data\processed\05_boot_roi\boot_mask\IMG_0503.png,129,129,129,54,46,completed_line_029,1,fragment_048,1624.288,736.0,1732.0,2603.0,3.302,104.173,1870.104,0.0,0.0,0.0,0.0,0.0,0.3098,0.1544
IMG_0503.png,data\processed\05_boot_roi\boot_mask\IMG_0503.png,129,129,129,54,46,completed_line_030,1,fragment_053,955.875,736.0,1002.55,2603.0,1.432,80.025,1867.583,0.0,0.0,0.0,0.0,0.0,0.1461,0.1111
IMG_0503.png,data\processed\05_boot_roi\boot_mask\IMG_0503.png,129,129,129,54,46,completed_line_031,1,fragment_054,1623.165,736.0,1796.392,2603.0,5.301,97.417,1875.019,0.0,0.0,0.0,0.0,0.0,0.2576,0.1407
IMG_0503.png,data\processed\05_boot_roi\boot_mask\IMG_0503.png,129,129,129,54,46,completed_line_032,1,fragment_057,1703.091,736.0,1639.443,2603.0,1.953,88.051,1868.085,0.0,0.0,0.0,0.0,0.0,0.3194,0.1553
IMG_0503.png,data\processed\05_boot_roi\boot_mask\IMG_0503.png,129,129,129,54,46,completed_line_033,1,fragment_060,1334.837,736.0,1558.065,2603.0,6.818,92.655,1880.298,0.0,0.0,0.0,0.0,0.0,0.3254,0.1572
IMG_0503.png,data\processed\05_boot_roi\boot_mask\IMG_0503.png,129,129,129,54,46,completed_line_034,1,fragment_064,1598.0,736.0,1598.0,2603.0,0.0,95.0,1867.0,0.0,0.0,0.0,0.0,0.0,0.2653,0.1424
IMG_0503.png,data\processed\05_boot_roi\boot_mask\IMG_0503.png,129,129,129,54,46,completed_line_035,1,fragment_065,1674.931,736.0,1578.362,2603.0,2.961,116.155,1869.496,0.0,0.0,0.0,0.0,0.0,0.2697,0.1456
IMG_0503.png,data\processed\05_boot_roi\boot_mask\IMG_0503.png,129,129,129,54,46,completed_line_036,1,fragment_072,1889.861,736.0,1660.311,2603.0,7.009,122.919,1881.059,0.0,0.0,0.0,0.0,0.0,0.1707,0.1215
IMG_0503.png,data\processed\05_boot_roi\boot_mask\IMG_0503.png,129,129,129,54,46,completed_line_037,1,fragment_073,1544.489,736.0,1743.106,2603.0,6.072,94.53,1877.535,0.0,0.0,0.0,0.0,0.0,0.2907,0.1487
IMG_0503.png,data\processed\05_boot_roi\boot_mask\IMG_0503.png,129,129,129,54,46,completed_line_038,1,fragment_079,1950.379,736.0,1924.628,2603.0,0.79,145.014,1867.178,0.0,0.0,0.0,0.0,0.0,0.6399,0.241
IMG_0503.png,data\processed\05_boot_roi\boot_mask\IMG_0503.png,129,129,129,54,46,completed_line_039,1,fragment_085,1750.0,736.0,1750.0,2603.0,0.0,90.0,1867.0,0.0,0.0,0.0,0.0,0.0,0.1141,0.1041
IMG_0503.png,data\processed\05_boot_roi\boot_mask\IMG_0503.png,129,129,129,54,46,completed_line_040,1,fragment_086,1377.103,736.0,1462.943,2603.0,2.632,87.092,1868.972,0.0,0.0,0.0,0.0,0.0,0.2665,0.1419
IMG_0503.png,data\processed\05_boot_roi\boot_mask\IMG_0503.png,129,129,129,54,46,completed_line_041,1,fragment_089,1681.577,736.0,1777.814,2603.0,2.951,97.129,1869.479,0.0,0.0,0.0,0.0,0.0,0.2504,0.1389
IMG_0503.png,data\processed\05_boot_roi\boot_mask\IMG_0503.png,129,129,129,54,46,completed_line_042,1,fragment_108,962.171,736.0,1015.514,2603.0,1.637,105.043,1867.762,0.0,0.0,0.0,0.0,0.0,0.2055,0.1285
IMG_0503.png,data\processed\05_boot_roi\boot_mask\IMG_0503.png,129,129,129,54,46,completed_line_043,1,fragment_109,1100.568,736.0,963.0,2603.0,4.214,95.258,1872.061,0.0,0.0,0.0,0.0,0.0,0.2115,0.129
IMG_0503.png,data\processed\05_boot_roi\boot_mask\IMG_0503.png,129,129,129,54,46,completed_line_044,1,fragment_114,1925.0,736.0,1925.0,2603.0,0.0,82.0,1867.0,0.0,0.0,0.0,0.0,0.0,0.4534,0.1881
IMG_0503.png,data\processed\05_boot_roi\boot_mask\IMG_0503.png,129,129,129,54,46,completed_line_045,1,fragment_120,1382.442,736.0,1547.664,2603.0,5.057,113.442,1874.296,0.0,0.0,0.0,0.0,0.0,0.3232,0.1587
IMG_0503.png,data\processed\05_boot_roi\boot_mask\IMG_0503.png,129,129,129,54,46,completed_line_046,1,fragment_124,1354.5,736.0,1354.5,2603.0,0.0,101.0,1867.0,0.0,0.0,0.0,0.0,0.0,0.2958,0.1506
IMG_0504.png,data\processed\05_boot_roi\boot_mask\IMG_0504.png,116,116,116,52,44,completed_line_001,3,fragment_001|fragment_002|fragment_047,1591.191,569.0,1590.496,2785.0,0.018,372.005,2216.0,1.0,2.496,1.452,0.603,0.567,0.5656,0.3633
IMG_0504.png,data\processed\05_boot_roi\boot_mask\IMG_0504.png,116,116,116,52,44,completed_line_002,1,fragment_003,1589.0,569.0,1589.0,2785.0,0.0,191.0,2216.0,0.0,0.0,0.0,0.0,0.0,0.6631,0.2514
IMG_0504.png,data\processed\05_boot_roi\boot_mask\IMG_0504.png,116,116,116,52,44,completed_line_003,1,fragment_004,1611.0,569.0,1611.0,2785.0,0.0,112.0,2216.0,0.0,0.0,0.0,0.0,0.0,0.3234,0.1586
IMG_0504.png,data\processed\05_boot_roi\boot_mask\IMG_0504.png,116,116,116,52,44,completed_line_004,3,fragment_005|fragment_009|fragment_018,1263.674,569.0,1274.711,2785.0,0.285,435.0,2216.027,0.0,20.446,9.552,0.856,0.285,0.2585,0.2301
IMG_0504.png,data\processed\05_boot_roi\boot_mask\IMG_0504.png,116,116,116,52,44,completed_line_005,1,fragment_006,1587.0,569.0,1587.0,2785.0,0.0,94.0,2216.0,0.0,0.0,0.0,0.0,0.0,0.5521,0.214
IMG_0504.png,data\processed\05_boot_roi\boot_mask\IMG_0504.png,116,116,116,52,44,completed_line_006,4,fragment_007|fragment_054|fragment_038|fragment_079,1540.158,569.0,1413.201,2785.0,3.279,577.012,2219.634,0.0,14.26,4.396,1.114,0.613,0.1892,0.2596
IMG_0504.png,data\processed\05_boot_roi\boot_mask\IMG_0504.png,116,116,116,52,44,completed_line_007,1,fragment_010,1588.0,569.0,1588.0,2785.0,0.0,80.0,2216.0,0.0,0.0,0.0,0.0,0.0,0.6225,0.2302
IMG_0504.png,data\processed\05_boot_roi\boot_mask\IMG_0504.png,116,116,116,52,44,completed_line_008,1,fragment_011,1654.404,569.0,1754.0,2785.0,2.573,89.09,2218.237,0.0,0.0,0.0,0.0,0.0,0.2774,0.1449
IMG_0504.png,data\processed\05_boot_roi\boot_mask\IMG_0504.png,116,116,116,52,44,completed_line_009,1,fragment_012,1227.189,569.0,1258.182,2785.0,0.801,143.014,2216.217,0.0,0.0,0.0,0.0,0.0,0.2558,0.1448
IMG_0504.png,data\processed\05_boot_roi\boot_mask\IMG_0504.png,116,116,116,52,44,completed_line_010,1,fragment_014,1567.515,569.0,1593.74,2785.0,0.678,169.012,2216.155,0.0,0.0,0.0,0.0,0.0,0.3545,0.1721
IMG_0504.png,data\processed\05_boot_roi\boot_mask\IMG_0504.png,116,116,116,52,44,completed_line_011,1,fragment_015,1580.706,569.0,1711.059,2785.0,3.366,85.147,2219.831,0.0,0.0,0.0,0.0,0.0,0.2797,0.145
IMG_0504.png,data\processed\05_boot_roi\boot_mask\IMG_0504.png,116,116,116,52,44,completed_line_012,1,fragment_017,1914.661,569.0,1801.983,2785.0,2.911,118.152,2218.863,0.0,0.0,0.0,0.0,0.0,0.3541,0.1669
IMG_0504.png,data\processed\05_boot_roi\boot_mask\IMG_0504.png,116,116,116,52,44,completed_line_013,1,fragment_021,1880.856,569.0,1801.144,2785.0,2.06,139.09,2217.433,0.0,0.0,0.0,0.0,0.0,0.2084,0.1326
IMG_0504.png,data\processed\05_boot_roi\boot_mask\IMG_0504.png,116,116,116,52,44,completed_line_014,1,fragment_022,1175.482,569.0,1384.047,2785.0,5.377,85.376,2225.793,0.0,0.0,0.0,0.0,0.0,0.2574,0.1395
IMG_0504.png,data\processed\05_boot_roi\boot_mask\IMG_0504.png,116,116,116,52,44,completed_line_015,1,fragment_023,1177.812,569.0,1316.312,2785.0,3.576,80.156,2220.324,0.0,0.0,0.0,0.0,0.0,0.2108,0.1273
IMG_0504.png,data\processed\05_boot_roi\boot_mask\IMG_0504.png,116,116,116,52,44,completed_line_016,1,fragment_024,1618.011,569.0,1592.54,2785.0,0.659,87.006,2216.146,0.0,0.0,0.0,0.0,0.0,0.2436,0.1362
IMG_0504.png,data\processed\05_boot_roi\boot_mask\IMG_0504.png,116,116,116,52,44,completed_line_017,1,fragment_025,1920.311,569.0,1793.164,2785.0,3.284,122.201,2219.645,0.0,0.0,0.0,0.0,0.0,0.3311,0.1616
IMG_0504.png,data\processed\05_boot_roi\boot_mask\IMG_0504.png,116,116,116,52,44,completed_line_018,1,fragment_026,1800.0,569.0,1800.0,2785.0,0.0,164.0,2216.0,0.0,0.0,0.0,0.0,0.0,0.2517,0.1459
IMG_0504.png,data\processed\05_boot_roi\boot_mask\IMG_0504.png,116,116,116,52,44,completed_line_019,1,fragment_029,1106.955,569.0,1358.773,2785.0,6.483,88.566,2230.262,0.0,0.0,0.0,0.0,0.0,0.2894,0.1478
IMG_0504.png,data\processed\05_boot_roi\boot_mask\IMG_0504.png,116,116,116,52,44,completed_line_020,1,fragment_031,1660.676,569.0,1576.257,2785.0,2.182,105.076,2217.607,0.0,0.0,0.0,0.0,0.0,0.272,0.1451
IMG_0504.png,data\processed\05_boot_roi\boot_mask\IMG_0504.png,116,116,116,52,44,completed_line_021,1,fragment_032,1639.627,569.0,1586.229,2785.0,1.38,83.024,2216.643,0.0,0.0,0.0,0.0,0.0,0.3424,0.1605
IMG_0504.png,data\processed\05_boot_roi\boot_mask\IMG_0504.png,116,116,116,52,44,completed_line_022,1,fragment_034,1083.099,569.0,1384.037,2785.0,7.734,81.744,2236.341,0.0,0.0,0.0,0.0,0.0,0.3141,0.1533
IMG_0504.png,data\processed\05_boot_roi\boot_mask\IMG_0504.png,116,116,116,52,44,completed_line_023,1,fragment_039,1579.548,569.0,1651.032,2785.0,1.848,124.064,2217.153,0.0,0.0,0.0,0.0,0.0,0.3275,0.1608
IMG_0504.png,data\processed\05_boot_roi\boot_mask\IMG_0504.png,116,116,116,52,44,completed_line_024,1,fragment_041,1241.0,569.0,1241.0,2785.0,0.0,83.0,2216.0,0.0,0.0,0.0,0.0,0.0,0.2517,0.1378
IMG_0504.png,data\processed\05_boot_roi\boot_mask\IMG_0504.png,116,116,116,52,44,completed_line_025,1,fragment_044,1246.071,569.0,1219.69,2785.0,0.682,84.006,2216.157,0.0,0.0,0.0,0.0,0.0,0.2612,0.1403
IMG_0504.png,data\processed\05_boot_roi\boot_mask\IMG_0504.png,116,116,116,52,44,completed_line_026,2,fragment_046|fragment_071,1641.231,569.0,1707.328,2785.0,1.708,266.121,2216.986,1.0,0.003,0.002,0.234,0.139,0.2571,0.2201
IMG_0504.png,data\processed\05_boot_roi\boot_mask\IMG_0504.png,116,116,116,52,44,completed_line_027,1,fragment_049,1849.034,569.0,1810.828,2785.0,0.988,116.017,2216.329,0.0,0.0,0.0,0.0,0.0,0.2422,0.1387
IMG_0504.png,data\processed\05_boot_roi\boot_mask\IMG_0504.png,116,116,116,52,44,completed_line_028,1,fragment_053,2022.052,569.0,1773.707,2785.0,6.394,116.726,2229.872,0.0,0.0,0.0,0.0,0.0,0.3001,0.1533
IMG_0504.png,data\processed\05_boot_roi\boot_mask\IMG_0504.png,116,116,116,52,44,completed_line_029,1,fragment_055,1638.706,569.0,1747.333,2785.0,2.806,102.122,2218.661,0.0,0.0,0.0,0.0,0.0,0.2135,0.1302
IMG_0504.png,data\processed\05_boot_roi\boot_mask\IMG_0504.png,116,116,116,52,44,completed_line_030,1,fragment_057,1957.643,569.0,1799.357,2785.0,4.086,84.214,2221.646,0.0,0.0,0.0,0.0,0.0,0.2578,0.1395
IMG_0504.png,data\processed\05_boot_roi\boot_mask\IMG_0504.png,116,116,116,52,44,completed_line_031,1,fragment_065,1567.988,569.0,1595.012,2785.0,0.699,82.006,2216.165,0.0,0.0,0.0,0.0,0.0,0.3884,0.1719
IMG_0504.png,data\processed\05_boot_roi\boot_mask\IMG_0504.png,116,116,116,52,44,completed_line_032,1,fragment_067,1780.806,569.0,1995.258,2785.0,5.528,93.434,2226.353,0.0,0.0,0.0,0.0,0.0,0.2049,0.1271
IMG_0504.png,data\processed\05_boot_roi\boot_mask\IMG_0504.png,116,116,116,52,44,completed_line_033,1,fragment_068,1515.0,569.0,1515.0,2785.0,0.0,150.0,2216.0,0.0,0.0,0.0,0.0,0.0,0.1096,0.1089
IMG_0504.png,data\processed\05_boot_roi\boot_mask\IMG_0504.png,116,116,116,52,44,completed_line_034,1,fragment_072,1775.253,569.0,2006.593,2785.0,5.96,182.989,2228.043,0.0,0.0,0.0,0.0,0.0,0.2113,0.1376
IMG_0504.png,data\processed\05_boot_roi\boot_mask\IMG_0504.png,116,116,116,52,44,completed_line_035,1,fragment_073,1571.088,569.0,1692.846,2785.0,3.145,91.137,2219.342,0.0,0.0,0.0,0.0,0.0,0.2959,0.1497
IMG_0504.png,data\processed\05_boot_roi\boot_mask\IMG_0504.png,116,116,116,52,44,completed_line_036,1,fragment_075,1817.0,569.0,1817.0,2785.0,0.0,92.0,2216.0,0.0,0.0,0.0,0.0,0.0,0.2368,0.135
IMG_0504.png,data\processed\05_boot_roi\boot_mask\IMG_0504.png,116,116,116,52,44,completed_line_037,1,fragment_076,1078.14,569.0,1387.349,2785.0,7.943,86.833,2237.469,0.0,0.0,0.0,0.0,0.0,0.311,0.153
IMG_0504.png,data\processed\05_boot_roi\boot_mask\IMG_0504.png,116,116,116,52,44,completed_line_038,1,fragment_078,1242.55,569.0,1353.35,2785.0,2.862,80.1,2218.768,0.0,0.0,0.0,0.0,0.0,0.2649,0.1408
IMG_0504.png,data\processed\05_boot_roi\boot_mask\IMG_0504.png,116,116,116,52,44,completed_line_039,1,fragment_080,1601.0,569.0,1601.0,2785.0,0.0,90.0,2216.0,0.0,0.0,0.0,0.0,0.0,0.1962,0.1246
IMG_0504.png,data\processed\05_boot_roi\boot_mask\IMG_0504.png,116,116,116,52,44,completed_line_040,1,fragment_088,1489.326,569.0,1609.761,2785.0,3.111,92.136,2219.27,0.0,0.0,0.0,0.0,0.0,0.2,0.1258
IMG_0504.png,data\processed\05_boot_roi\boot_mask\IMG_0504.png,116,116,116,52,44,completed_line_041,1,fragment_093,1588.0,569.0,1588.0,2785.0,0.0,116.0,2216.0,0.0,0.0,0.0,0.0,0.0,0.6225,0.2338
IMG_0504.png,data\processed\05_boot_roi\boot_mask\IMG_0504.png,116,116,116,52,44,completed_line_042,1,fragment_095,2019.655,569.0,1784.327,2785.0,6.062,113.635,2228.46,0.0,0.0,0.0,0.0,0.0,0.2288,0.1351
IMG_0504.png,data\processed\05_boot_roi\boot_mask\IMG_0504.png,116,116,116,52,44,completed_line_043,1,fragment_098,1949.949,569.0,1722.667,2785.0,5.856,117.614,2227.625,0.0,0.0,0.0,0.0,0.0,0.2571,0.1426
IMG_0504.png,data\processed\05_boot_roi\boot_mask\IMG_0504.png,116,116,116,52,44,completed_line_044,1,fragment_103,1601.872,569.0,1627.64,2785.0,0.666,86.006,2216.15,0.0,0.0,0.0,0.0,0.0,0.2585,0.1398
IMG_0505.png,data\processed\05_boot_roi\boot_mask\IMG_0505.png,73,73,73,35,27,completed_line_001,1,fragment_003,1539.757,872.0,1609.41,2878.0,1.989,144.087,2007.209,0.0,0.0,0.0,0.0,0.0,0.2496,0.1434
IMG_0505.png,data\processed\05_boot_roi\boot_mask\IMG_0505.png,73,73,73,35,27,completed_line_002,1,fragment_004,1740.0,872.0,1740.0,2878.0,0.0,89.0,2006.0,0.0,0.0,0.0,0.0,0.0,0.2093,0.1278
IMG_0505.png,data\processed\05_boot_roi\boot_mask\IMG_0505.png,73,73,73,35,27,completed_line_003,3,fragment_005|fragment_035|fragment_048,1433.08,872.0,1292.269,2878.0,4.015,607.386,2010.936,0.0,6.681,4.623,0.375,0.174,0.2657,0.3002
IMG_0505.png,data\processed\05_boot_roi\boot_mask\IMG_0505.png,73,73,73,35,27,completed_line_004,1,fragment_008,1523.541,872.0,1457.77,2878.0,1.878,122.066,2007.078,0.0,0.0,0.0,0.0,0.0,0.3333,0.1621
IMG_0505.png,data\processed\05_boot_roi\boot_mask\IMG_0505.png,73,73,73,35,27,completed_line_005,1,fragment_009,1137.828,872.0,1276.172,2878.0,3.945,87.207,2010.765,0.0,0.0,0.0,0.0,0.0,0.3015,0.1507
IMG_0505.png,data\processed\05_boot_roi\boot_mask\IMG_0505.png,73,73,73,35,27,completed_line_006,5,fragment_010|fragment_018|fragment_025|fragment_047|fragment_026,1874.454,872.0,1637.156,2878.0,6.746,577.797,2019.987,0.0,14.05,4.133,1.656,0.856,0.3269,0.2999
IMG_0505.png,data\processed\05_boot_roi\boot_mask\IMG_0505.png,73,73,73,35,27,completed_line_007,2,fragment_012|fragment_019,1474.094,872.0,1575.096,2878.0,2.882,317.52,2008.541,0.0,6.78,4.212,0.955,0.932,0.2373,0.1743
IMG_0505.png,data\processed\05_boot_roi\boot_mask\IMG_0505.png,73,73,73,35,27,completed_line_008,1,fragment_013,1530.705,872.0,1462.318,2878.0,1.953,88.051,2007.165,0.0,0.0,0.0,0.0,0.0,0.2915,0.1483
IMG_0505.png,data\processed\05_boot_roi\boot_mask\IMG_0505.png,73,73,73,35,27,completed_line_009,1,fragment_014,1475.398,872.0,1583.247,2878.0,3.077,93.134,2008.897,0.0,0.0,0.0,0.0,0.0,0.2821,0.1464
IMG_0505.png,data\processed\05_boot_roi\boot_mask\IMG_0505.png,73,73,73,35,27,completed_line_010,1,fragment_015,1679.897,872.0,1473.673,2878.0,5.87,107.564,2016.572,0.0,0.0,0.0,0.0,0.0,0.2619,0.1428
IMG_0505.png,data\processed\05_boot_roi\boot_mask\IMG_0505.png,73,73,73,35,27,completed_line_011,1,fragment_016,1147.839,872.0,1234.118,2878.0,2.463,93.086,2007.855,0.0,0.0,0.0,0.0,0.0,0.2242,0.132
IMG_0505.png,data\processed\05_boot_roi\boot_mask\IMG_0505.png,73,73,73,35,27,completed_line_012,2,fragment_020|fragment_022,1654.891,872.0,1664.954,2878.0,0.287,304.013,2006.025,0.0,8.02,4.063,0.764,0.476,0.154,0.1492
IMG_0505.png,data\processed\05_boot_roi\boot_mask\IMG_0505.png,73,73,73,35,27,completed_line_013,1,fragment_021,1526.775,872.0,1617.135,2878.0,2.579,111.113,2008.034,0.0,0.0,0.0,0.0,0.0,0.3079,0.1547
IMG_0505.png,data\processed\05_boot_roi\boot_mask\IMG_0505.png,73,73,73,35,27,completed_line_014,1,fragment_027,1518.483,872.0,1495.944,2878.0,0.644,89.006,2006.127,0.0,0.0,0.0,0.0,0.0,0.2392,0.1353
IMG_0505.png,data\processed\05_boot_roi\boot_mask\IMG_0505.png,73,73,73,35,27,completed_line_015,1,fragment_032,1450.937,872.0,1535.4,2878.0,2.411,95.084,2007.777,0.0,0.0,0.0,0.0,0.0,0.3154,0.1549
IMG_0505.png,data\processed\05_boot_roi\boot_mask\IMG_0505.png,73,73,73,35,27,completed_line_016,1,fragment_033,1143.0,872.0,1143.0,2878.0,0.0,94.0,2006.0,0.0,0.0,0.0,0.0,0.0,0.2018,0.1264
IMG_0505.png,data\processed\05_boot_roi\boot_mask\IMG_0505.png,73,73,73,35,27,completed_line_017,1,fragment_036,1526.07,872.0,1560.957,2878.0,0.996,115.017,2006.303,0.0,0.0,0.0,0.0,0.0,0.2735,0.1465
IMG_0505.png,data\processed\05_boot_roi\boot_mask\IMG_0505.png,73,73,73,35,27,completed_line_018,1,fragment_037,1501.0,872.0,1501.0,2878.0,0.0,106.0,2006.0,0.0,0.0,0.0,0.0,0.0,0.3094,0.1545
IMG_0505.png,data\processed\05_boot_roi\boot_mask\IMG_0505.png,73,73,73,35,27,completed_line_019,1,fragment_038,1255.932,872.0,1159.753,2878.0,2.745,146.168,2008.304,0.0,0.0,0.0,0.0,0.0,0.2167,0.1354
IMG_0505.png,data\processed\05_boot_roi\boot_mask\IMG_0505.png,73,73,73,35,27,completed_line_020,1,fragment_039,1514.562,872.0,1489.488,2878.0,0.716,80.006,2006.157,0.0,0.0,0.0,0.0,0.0,0.3154,0.1535
IMG_0505.png,data\processed\05_boot_roi\boot_mask\IMG_0505.png,73,73,73,35,27,completed_line_021,1,fragment_041,1778.986,872.0,1669.816,2878.0,3.115,147.218,2008.968,0.0,0.0,0.0,0.0,0.0,0.3299,0.1637
IMG_0505.png,data\processed\05_boot_roi\boot_mask\IMG_0505.png,73,73,73,35,27,completed_line_022,1,fragment_043,1653.951,872.0,1862.224,2878.0,5.928,183.984,2016.783,0.0,0.0,0.0,0.0,0.0,0.2188,0.1396
IMG_0505.png,data\processed\05_boot_roi\boot_mask\IMG_0505.png,73,73,73,35,27,completed_line_023,1,fragment_050,1443.459,872.0,1332.63,2878.0,3.162,181.276,2009.059,0.0,0.0,0.0,0.0,0.0,0.1597,0.1246
IMG_0505.png,data\processed\05_boot_roi\boot_mask\IMG_0505.png,73,73,73,35,27,completed_line_024,1,fragment_057,1464.5,872.0,1464.5,2878.0,0.0,115.0,2006.0,0.0,0.0,0.0,0.0,0.0,0.3647,0.1693
IMG_0505.png,data\processed\05_boot_roi\boot_mask\IMG_0505.png,73,73,73,35,27,completed_line_025,1,fragment_060,1372.89,872.0,1483.11,2878.0,3.145,91.137,2009.026,0.0,0.0,0.0,0.0,0.0,0.1746,0.1194
IMG_0505.png,data\processed\05_boot_roi\boot_mask\IMG_0505.png,73,73,73,35,27,completed_line_026,1,fragment_066,1186.181,872.0,1036.798,2878.0,4.259,94.26,2011.554,0.0,0.0,0.0,0.0,0.0,0.1773,0.1204
IMG_0505.png,data\processed\05_boot_roi\boot_mask\IMG_0505.png,73,73,73,35,27,completed_line_027,1,fragment_073,1856.325,872.0,1662.976,2878.0,5.505,83.385,2015.297,0.0,0.0,0.0,0.0,0.0,0.2009,0.1252
IMG_0506.png,data\processed\05_boot_roi\boot_mask\IMG_0506.png,82,82,82,34,26,completed_line_001,2,fragment_001|fragment_021,1473.599,750.0,1584.495,2703.0,3.25,619.494,1956.146,0.0,19.134,9.784,1.46,0.733,0.0828,0.0955
IMG_0506.png,data\processed\05_boot_roi\boot_mask\IMG_0506.png,82,82,82,34,26,completed_line_002,5,fragment_002|fragment_003|fragment_004|fragment_066|fragment_028,1450.356,750.0,1439.964,2703.0,0.305,711.006,1953.028,0.0,10.122,4.678,1.605,0.385,0.3533,0.3279
IMG_0506.png,data\processed\05_boot_roi\boot_mask\IMG_0506.png,82,82,82,34,26,completed_line_003,1,fragment_005,1465.588,750.0,1580.471,2703.0,3.366,85.147,1956.376,0.0,0.0,0.0,0.0,0.0,0.1887,0.1223
IMG_0506.png,data\processed\05_boot_roi\boot_mask\IMG_0506.png,82,82,82,34,26,completed_line_004,2,fragment_009|fragment_037,1368.153,750.0,1302.783,2703.0,1.917,405.278,1954.094,0.0,4.755,2.794,0.389,0.249,0.2704,0.2109
IMG_0506.png,data\processed\05_boot_roi\boot_mask\IMG_0506.png,82,82,82,34,26,completed_line_005,1,fragment_011,1815.409,750.0,1605.409,2703.0,6.137,93.536,1964.258,0.0,0.0,0.0,0.0,0.0,0.3527,0.1641
IMG_0506.png,data\processed\05_boot_roi\boot_mask\IMG_0506.png,82,82,82,34,26,completed_line_006,1,fragment_013,1838.294,750.0,1627.676,2703.0,6.155,102.591,1964.324,0.0,0.0,0.0,0.0,0.0,0.4153,0.1807
IMG_0506.png,data\processed\05_boot_roi\boot_mask\IMG_0506.png,82,82,82,34,26,completed_line_007,1,fragment_014,1396.243,750.0,1434.165,2703.0,1.112,103.019,1953.368,0.0,0.0,0.0,0.0,0.0,0.2734,0.1452
IMG_0506.png,data\processed\05_boot_roi\boot_mask\IMG_0506.png,82,82,82,34,26,completed_line_008,1,fragment_015,1828.292,750.0,1588.774,2703.0,6.992,106.794,1967.633,0.0,0.0,0.0,0.0,0.0,0.3659,0.1687
IMG_0506.png,data\processed\05_boot_roi\boot_mask\IMG_0506.png,82,82,82,34,26,completed_line_009,1,fragment_017,1466.135,750.0,1567.854,2703.0,2.981,96.13,1955.647,0.0,0.0,0.0,0.0,0.0,0.3083,0.1533
IMG_0506.png,data\processed\05_boot_roi\boot_mask\IMG_0506.png,82,82,82,34,26,completed_line_010,1,fragment_018,1497.521,750.0,1395.802,2703.0,2.981,96.13,1955.647,0.0,0.0,0.0,0.0,0.0,0.2837,0.1471
IMG_0506.png,data\processed\05_boot_roi\boot_mask\IMG_0506.png,82,82,82,34,26,completed_line_011,2,fragment_019|fragment_027,1787.806,750.0,1811.012,2703.0,0.681,269.02,1953.138,0.0,14.709,9.35,1.169,0.681,0.2227,0.1227
IMG_0506.png,data\processed\05_boot_roi\boot_mask\IMG_0506.png,82,82,82,34,26,completed_line_012,1,fragment_024,1586.113,750.0,1721.974,2703.0,3.979,115.278,1957.72,0.0,0.0,0.0,0.0,0.0,0.1914,0.126
IMG_0506.png,data\processed\05_boot_roi\boot_mask\IMG_0506.png,82,82,82,34,26,completed_line_013,1,fragment_029,1380.049,750.0,1348.033,2703.0,0.939,122.016,1953.262,0.0,0.0,0.0,0.0,0.0,0.2012,0.1291
IMG_0506.png,data\processed\05_boot_roi\boot_mask\IMG_0506.png,82,82,82,34,26,completed_line_014,1,fragment_030,1685.208,750.0,1887.877,2703.0,5.925,106.569,1963.488,0.0,0.0,0.0,0.0,0.0,0.2355,0.1361
IMG_0506.png,data\processed\05_boot_roi\boot_mask\IMG_0506.png,82,82,82,34,26,completed_line_015,1,fragment_032,1442.107,750.0,1506.669,2703.0,1.893,121.066,1954.067,0.0,0.0,0.0,0.0,0.0,0.2181,0.1332
IMG_0506.png,data\processed\05_boot_roi\boot_mask\IMG_0506.png,82,82,82,34,26,completed_line_016,1,fragment_035,1803.0,750.0,1803.0,2703.0,0.0,97.0,1953.0,0.0,0.0,0.0,0.0,0.0,0.3164,0.1554
IMG_0506.png,data\processed\05_boot_roi\boot_mask\IMG_0506.png,82,82,82,34,26,completed_line_017,2,fragment_039|fragment_046,1404.71,750.0,1587.551,2703.0,5.348,223.211,1961.54,0.0,17.155,8.642,1.638,1.392,0.2829,0.1131
IMG_0506.png,data\processed\05_boot_roi\boot_mask\IMG_0506.png,82,82,82,34,26,completed_line_018,1,fragment_041,1460.976,750.0,1531.566,2703.0,2.07,83.054,1954.275,0.0,0.0,0.0,0.0,0.0,0.2611,0.1402
IMG_0506.png,data\processed\05_boot_roi\boot_mask\IMG_0506.png,82,82,82,34,26,completed_line_019,1,fragment_045,1451.419,750.0,1587.674,2703.0,3.991,129.314,1957.747,0.0,0.0,0.0,0.0,0.0,0.3507,0.1672
IMG_0506.png,data\processed\05_boot_roi\boot_mask\IMG_0506.png,82,82,82,34,26,completed_line_020,1,fragment_048,1668.587,750.0,1626.13,2703.0,1.245,92.022,1953.461,0.0,0.0,0.0,0.0,0.0,0.2412,0.1361
IMG_0506.png,data\processed\05_boot_roi\boot_mask\IMG_0506.png,82,82,82,34,26,completed_line_021,1,fragment_053,1121.787,750.0,1248.37,2703.0,3.708,108.227,1957.098,0.0,0.0,0.0,0.0,0.0,0.1887,0.1246
IMG_0506.png,data\processed\05_boot_roi\boot_mask\IMG_0506.png,82,82,82,34,26,completed_line_022,1,fragment_057,1390.95,750.0,1552.355,2703.0,4.724,121.413,1959.658,0.0,0.0,0.0,0.0,0.0,0.2374,0.1381
IMG_0506.png,data\processed\05_boot_roi\boot_mask\IMG_0506.png,82,82,82,34,26,completed_line_023,1,fragment_059,1403.5,750.0,1403.5,2703.0,0.0,167.0,1953.0,0.0,0.0,0.0,0.0,0.0,0.1567,0.1224
IMG_0506.png,data\processed\05_boot_roi\boot_mask\IMG_0506.png,82,82,82,34,26,completed_line_024,1,fragment_062,1470.02,750.0,1624.713,2703.0,4.529,101.316,1959.117,0.0,0.0,0.0,0.0,0.0,0.2006,0.1269
IMG_0506.png,data\processed\05_boot_roi\boot_mask\IMG_0506.png,82,82,82,34,26,completed_line_025,1,fragment_067,1193.0,750.0,1215.709,2703.0,0.666,86.006,1953.132,0.0,0.0,0.0,0.0,0.0,0.149,0.1124
IMG_0506.png,data\processed\05_boot_roi\boot_mask\IMG_0506.png,82,82,82,34,26,completed_line_026,1,fragment_080,1454.388,750.0,1587.117,2703.0,3.888,103.238,1957.505,0.0,0.0,0.0,0.0,0.0,0.3476,0.1638
IMG_0507.png,data\processed\05_boot_roi\boot_mask\IMG_0507.png,80,80,80,34,26,completed_line_001,3,fragment_001|fragment_002|fragment_003,1443.612,824.0,1451.005,2765.0,0.218,576.0,1941.014,0.0,5.573,2.575,0.655,0.218,0.3354,0.3151
IMG_0507.png,data\processed\05_boot_roi\boot_mask\IMG_0507.png,80,80,80,34,26,completed_line_002,1,fragment_004,1458.933,824.0,1588.333,2765.0,3.814,270.599,1945.309,0.0,0.0,0.0,0.0,0.0,0.3349,0.1772
IMG_0507.png,data\processed\05_boot_roi\boot_mask\IMG_0507.png,80,80,80,34,26,completed_line_003,1,fragment_005,1476.747,824.0,1611.88,2765.0,3.983,316.765,1945.698,0.0,0.0,0.0,0.0,0.0,0.3498,0.1855
IMG_0507.png,data\processed\05_boot_roi\boot_mask\IMG_0507.png,80,80,80,34,26,completed_line_004,5,fragment_008|fragment_020|fragment_014|fragment_050|fragment_017,1840.675,824.0,1632.809,2765.0,6.113,472.881,1952.099,0.0,15.086,5.682,1.572,0.945,0.3994,0.3061
IMG_0507.png,data\processed\05_boot_roi\boot_mask\IMG_0507.png,80,80,80,34,26,completed_line_005,1,fragment_010,1817.578,824.0,1630.494,2765.0,5.505,83.385,1949.995,0.0,0.0,0.0,0.0,0.0,0.3692,0.1672
IMG_0507.png,data\processed\05_boot_roi\boot_mask\IMG_0507.png,80,80,80,34,26,completed_line_006,1,fragment_022,1717.651,824.0,1624.108,2765.0,2.759,83.096,1943.253,0.0,0.0,0.0,0.0,0.0,0.2809,0.1451
IMG_0507.png,data\processed\05_boot_roi\boot_mask\IMG_0507.png,80,80,80,34,26,completed_line_007,1,fragment_024,1831.879,824.0,1597.253,2765.0,6.892,91.662,1955.129,0.0,0.0,0.0,0.0,0.0,0.3758,0.1697
IMG_0507.png,data\processed\05_boot_roi\boot_mask\IMG_0507.png,80,80,80,34,26,completed_line_008,1,fragment_025,1458.204,824.0,1437.333,2765.0,0.616,93.005,1941.112,0.0,0.0,0.0,0.0,0.0,0.3261,0.1574
IMG_0507.png,data\processed\05_boot_roi\boot_mask\IMG_0507.png,80,80,80,34,26,completed_line_009,1,fragment_027,1839.512,824.0,1613.814,2765.0,6.633,86.579,1954.078,0.0,0.0,0.0,0.0,0.0,0.3733,0.1686
IMG_0507.png,data\processed\05_boot_roi\boot_mask\IMG_0507.png,80,80,80,34,26,completed_line_010,2,fragment_030|fragment_042,1488.776,824.0,1564.924,2765.0,2.247,281.225,1942.493,0.0,7.284,4.069,0.946,0.524,0.1066,0.1357
IMG_0507.png,data\processed\05_boot_roi\boot_mask\IMG_0507.png,80,80,80,34,26,completed_line_011,2,fragment_033|fragment_057,1138.272,824.0,1235.764,2765.0,2.875,183.221,1943.447,0.0,0.621,0.35,0.109,0.096,0.1852,0.1929
IMG_0507.png,data\processed\05_boot_roi\boot_mask\IMG_0507.png,80,80,80,34,26,completed_line_012,1,fragment_034,1787.0,824.0,1787.0,2765.0,0.0,111.0,1941.0,0.0,0.0,0.0,0.0,0.0,0.2736,0.1461
IMG_0507.png,data\processed\05_boot_roi\boot_mask\IMG_0507.png,80,80,80,34,26,completed_line_013,1,fragment_036,1411.103,824.0,1431.113,2765.0,0.591,97.005,1941.103,0.0,0.0,0.0,0.0,0.0,0.2643,0.1424
IMG_0507.png,data\processed\05_boot_roi\boot_mask\IMG_0507.png,80,80,80,34,26,completed_line_014,1,fragment_037,1461.071,824.0,1552.412,2765.0,2.694,85.094,1943.148,0.0,0.0,0.0,0.0,0.0,0.2253,0.1314
IMG_0507.png,data\processed\05_boot_roi\boot_mask\IMG_0507.png,80,80,80,34,26,completed_line_015,1,fragment_038,1798.23,824.0,1815.407,2765.0,0.507,113.004,1941.076,0.0,0.0,0.0,0.0,0.0,0.3369,0.1621
IMG_0507.png,data\processed\05_boot_roi\boot_mask\IMG_0507.png,80,80,80,34,26,completed_line_016,1,fragment_039,1670.096,824.0,1842.925,2765.0,5.088,146.578,1948.679,0.0,0.0,0.0,0.0,0.0,0.2338,0.1397
IMG_0507.png,data\processed\05_boot_roi\boot_mask\IMG_0507.png,80,80,80,34,26,completed_line_017,1,fragment_040,1692.756,824.0,1865.289,2765.0,5.08,90.355,1948.653,0.0,0.0,0.0,0.0,0.0,0.2169,0.1299
IMG_0507.png,data\processed\05_boot_roi\boot_mask\IMG_0507.png,80,80,80,34,26,completed_line_018,1,fragment_043,1421.971,824.0,1593.235,2765.0,5.042,102.396,1948.541,0.0,0.0,0.0,0.0,0.0,0.2108,0.1295
IMG_0507.png,data\processed\05_boot_roi\boot_mask\IMG_0507.png,80,80,80,34,26,completed_line_019,1,fragment_046,1383.466,824.0,1355.199,2765.0,0.834,206.022,1941.206,0.0,0.0,0.0,0.0,0.0,0.1994,0.137
IMG_0507.png,data\processed\05_boot_roi\boot_mask\IMG_0507.png,80,80,80,34,26,completed_line_020,1,fragment_047,1426.0,824.0,1564.643,2765.0,4.086,84.214,1945.945,0.0,0.0,0.0,0.0,0.0,0.2666,0.1417
IMG_0507.png,data\processed\05_boot_roi\boot_mask\IMG_0507.png,80,80,80,34,26,completed_line_021,1,fragment_052,1442.0,824.0,1442.0,2765.0,0.0,94.0,1941.0,0.0,0.0,0.0,0.0,0.0,0.2998,0.151
IMG_0507.png,data\processed\05_boot_roi\boot_mask\IMG_0507.png,80,80,80,34,26,completed_line_022,1,fragment_062,1529.5,824.0,1529.5,2765.0,0.0,119.0,1941.0,0.0,0.0,0.0,0.0,0.0,0.1963,0.1275
IMG_0507.png,data\processed\05_boot_roi\boot_mask\IMG_0507.png,80,80,80,34,26,completed_line_023,1,fragment_068,1398.5,824.0,1398.5,2765.0,0.0,125.0,1941.0,0.0,0.0,0.0,0.0,0.0,0.1499,0.1165
IMG_0507.png,data\processed\05_boot_roi\boot_mask\IMG_0507.png,80,80,80,34,26,completed_line_024,1,fragment_070,1695.0,824.0,1695.0,2765.0,0.0,87.0,1941.0,0.0,0.0,0.0,0.0,0.0,0.3122,0.1534
IMG_0507.png,data\processed\05_boot_roi\boot_mask\IMG_0507.png,80,80,80,34,26,completed_line_025,1,fragment_072,1380.606,824.0,1505.257,2765.0,3.674,109.225,1944.998,0.0,0.0,0.0,0.0,0.0,0.2778,0.1469
IMG_0507.png,data\processed\05_boot_roi\boot_mask\IMG_0507.png,80,80,80,34,26,completed_line_026,1,fragment_073,1954.988,824.0,1694.61,2765.0,7.64,82.735,1958.387,0.0,0.0,0.0,0.0,0.0,0.1516,0.1128
IMG_0508.png,data\processed\05_boot_roi\boot_mask\IMG_0508.png,299,299,299,228,100,completed_line_001,1,fragment_001,1450.0,539.0,1450.0,2838.0,0.0,157.0,2299.0,0.0,0.0,0.0,0.0,0.0,0.4465,0.1939
IMG_0508.png,data\processed\05_boot_roi\boot_mask\IMG_0508.png,299,299,299,228,100,completed_line_002,1,fragment_002,1824.936,539.0,1677.8,2838.0,3.662,125.256,2303.704,0.0,0.0,0.0,0.0,0.0,0.3346,0.1628
IMG_0508.png,data\processed\05_boot_roi\boot_mask\IMG_0508.png,299,299,299,228,100,completed_line_003,1,fragment_003,1685.0,539.0,1685.0,2838.0,0.0,154.0,2299.0,0.0,0.0,0.0,0.0,0.0,0.3616,0.1723
IMG_0508.png,data\processed\05_boot_roi\boot_mask\IMG_0508.png,299,299,299,228,100,completed_line_005,1,fragment_005,948.0,539.0,948.0,2838.0,0.0,221.0,2299.0,0.0,0.0,0.0,0.0,0.0,0.3094,0.1659
IMG_0508.png,data\processed\05_boot_roi\boot_mask\IMG_0508.png,299,299,299,228,100,completed_line_006,1,fragment_006,944.0,539.0,944.0,2838.0,0.0,230.0,2299.0,0.0,0.0,0.0,0.0,0.0,0.2598,0.1544
IMG_0508.png,data\processed\05_boot_roi\boot_mask\IMG_0508.png,299,299,299,228,100,completed_line_007,1,fragment_007,1852.617,539.0,1653.938,2838.0,4.939,81.302,2307.569,0.0,0.0,0.0,0.0,0.0,0.3784,0.1693
IMG_0508.png,data\processed\05_boot_roi\boot_mask\IMG_0508.png,299,299,299,228,100,completed_line_008,1,fragment_008,1448.0,539.0,1448.0,2838.0,0.0,108.0,2299.0,0.0,0.0,0.0,0.0,0.0,0.5405,0.2125
IMG_0508.png,data\processed\05_boot_roi\boot_mask\IMG_0508.png,299,299,299,228,100,completed_line_009,1,fragment_009,1447.0,539.0,1447.0,2838.0,0.0,159.0,2299.0,0.0,0.0,0.0,0.0,0.0,0.4817,0.2029
IMG_0508.png,data\processed\05_boot_roi\boot_mask\IMG_0508.png,299,299,299,228,100,completed_line_010,1,fragment_010,894.53,539.0,855.231,2838.0,0.979,351.051,2299.336,0.0,0.0,0.0,0.0,0.0,0.2937,0.1749
IMG_0508.png,data\processed\05_boot_roi\boot_mask\IMG_0508.png,299,299,299,228,100,completed_line_012,1,fragment_013,797.91,539.0,832.224,2838.0,0.855,201.022,2299.256,0.0,0.0,0.0,0.0,0.0,0.2963,0.1607
IMG_0508.png,data\processed\05_boot_roi\boot_mask\IMG_0508.png,299,299,299,228,100,completed_line_013,1,fragment_014,1446.0,539.0,1446.0,2838.0,0.0,81.0,2299.0,0.0,0.0,0.0,0.0,0.0,0.4569,0.1889
IMG_0508.png,data\processed\05_boot_roi\boot_mask\IMG_0508.png,299,299,299,228,100,completed_line_014,1,fragment_015,1914.027,539.0,1649.54,2838.0,6.563,113.745,2314.164,0.0,0.0,0.0,0.0,0.0,0.3463,0.1645
IMG_0508.png,data\processed\05_boot_roi\boot_mask\IMG_0508.png,299,299,299,228,100,completed_line_015,9,fragment_017|fragment_030|fragment_055|fragment_142|fragment_133|fragment_151|fragment_143|fragment_226|fragment_198,899.437,539.0,948.532,2838.0,1.223,2228.725,2299.524,0.0,32.734,8.998,3.311,0.906,0.3142,0.451
IMG_0508.png,data\processed\05_boot_roi\boot_mask\IMG_0508.png,299,299,299,228,100,completed_line_016,1,fragment_018,1451.0,539.0,1451.0,2838.0,0.0,114.0,2299.0,0.0,0.0,0.0,0.0,0.0,0.4047,0.1792
IMG_0508.png,data\processed\05_boot_roi\boot_mask\IMG_0508.png,299,299,299,228,100,completed_line_017,1,fragment_019,913.696,539.0,832.901,2838.0,2.013,313.193,2300.419,0.0,0.0,0.0,0.0,0.0,0.2973,0.1721
IMG_0508.png,data\processed\05_boot_roi\boot_mask\IMG_0508.png,299,299,299,228,100,completed_line_019,1,fragment_022,867.093,539.0,914.741,2838.0,1.187,193.041,2299.494,0.0,0.0,0.0,0.0,0.0,0.299,0.1606
IMG_0508.png,data\processed\05_boot_roi\boot_mask\IMG_0508.png,299,299,299,228,100,completed_line_020,1,fragment_024,1802.533,539.0,1649.267,2838.0,3.814,120.266,2304.103,0.0,0.0,0.0,0.0,0.0,0.3503,0.1662
IMG_0508.png,data\processed\05_boot_roi\boot_mask\IMG_0508.png,299,299,299,228,100,completed_line_021,1,fragment_025,732.833,539.0,1001.05,2838.0,6.654,120.814,2314.593,0.0,0.0,0.0,0.0,0.0,0.351,0.1664
IMG_0508.png,data\processed\05_boot_roi\boot_mask\IMG_0508.png,299,299,299,228,100,completed_line_022,1,fragment_026,1444.0,539.0,1444.0,2838.0,0.0,106.0,2299.0,0.0,0.0,0.0,0.0,0.0,0.3799,0.1722
IMG_0508.png,data\processed\05_boot_roi\boot_mask\IMG_0508.png,299,299,299,228,100,completed_line_023,1,fragment_027,785.187,539.0,858.671,2838.0,1.831,219.112,2300.174,0.0,0.0,0.0,0.0,0.0,0.2712,0.1562
IMG_0508.png,data\processed\05_boot_roi\boot_mask\IMG_0508.png,299,299,299,228,100,completed_line_024,1,fragment_028,1842.082,539.0,1625.706,2838.0,5.377,85.376,2309.16,0.0,0.0,0.0,0.0,0.0,0.426,0.1816
IMG_0508.png,data\processed\05_boot_roi\boot_mask\IMG_0508.png,299,299,299,228,100,completed_line_025,1,fragment_029,987.991,539.0,861.44,2838.0,3.151,109.165,2302.48,0.0,0.0,0.0,0.0,0.0,0.3155,0.1564
IMG_0508.png,data\processed\05_boot_roi\boot_mask\IMG_0508.png,299,299,299,228,100,completed_line_029,1,fragment_034,749.869,539.0,953.986,2838.0,5.074,214.842,2308.043,0.0,0.0,0.0,0.0,0.0,0.29,0.1605
IMG_0508.png,data\processed\05_boot_roi\boot_mask\IMG_0508.png,299,299,299,228,100,completed_line_030,1,fragment_035,788.742,539.0,986.505,2838.0,4.917,186.687,2307.49,0.0,0.0,0.0,0.0,0.0,0.355,0.1739
IMG_0508.png,data\processed\05_boot_roi\boot_mask\IMG_0508.png,299,299,299,228,100,completed_line_031,1,fragment_037,788.183,539.0,830.174,2838.0,1.046,219.037,2299.383,0.0,0.0,0.0,0.0,0.0,0.3094,0.1657
IMG_0508.png,data\processed\05_boot_roi\boot_mask\IMG_0508.png,299,299,299,228,100,completed_line_034,1,fragment_040,1842.395,539.0,1643.716,2838.0,4.939,81.302,2307.569,0.0,0.0,0.0,0.0,0.0,0.4655,0.1911
IMG_0508.png,data\processed\05_boot_roi\boot_mask\IMG_0508.png,299,299,299,228,100,completed_line_035,1,fragment_041,1110.819,539.0,1190.646,2838.0,1.989,144.087,2300.385,0.0,0.0,0.0,0.0,0.0,0.3116,0.1589
IMG_0508.png,data\processed\05_boot_roi\boot_mask\IMG_0508.png,299,299,299,228,100,completed_line_036,1,fragment_042,752.145,539.0,1026.068,2838.0,6.795,236.662,2315.261,0.0,0.0,0.0,0.0,0.0,0.3225,0.1708
IMG_0508.png,data\processed\05_boot_roi\boot_mask\IMG_0508.png,299,299,299,228,100,completed_line_037,1,fragment_043,815.546,539.0,968.031,2838.0,3.795,196.431,2304.051,0.0,0.0,0.0,0.0,0.0,0.3008,0.1613
IMG_0508.png,data\processed\05_boot_roi\boot_mask\IMG_0508.png,299,299,299,228,100,completed_line_038,1,fragment_044,845.0,539.0,845.0,2838.0,0.0,190.0,2299.0,0.0,0.0,0.0,0.0,0.0,0.3198,0.1655
IMG_0508.png,data\processed\05_boot_roi\boot_mask\IMG_0508.png,299,299,299,228,100,completed_line_039,1,fragment_045,823.378,539.0,860.064,2838.0,0.914,188.024,2299.293,0.0,0.0,0.0,0.0,0.0,0.3003,0.1604
IMG_0508.png,data\processed\05_boot_roi\boot_mask\IMG_0508.png,299,299,299,228,100,completed_line_041,1,fragment_047,1455.048,539.0,1674.0,2838.0,5.44,84.38,2309.403,0.0,0.0,0.0,0.0,0.0,0.3571,0.1643
IMG_0508.png,data\processed\05_boot_roi\boot_mask\IMG_0508.png,299,299,299,228,100,completed_line_043,1,fragment_049,1343.376,539.0,1539.872,2838.0,4.885,117.427,2307.382,0.0,0.0,0.0,0.0,0.0,0.3602,0.1684
IMG_0508.png,data\processed\05_boot_roi\boot_mask\IMG_0508.png,299,299,299,228,100,completed_line_044,1,fragment_050,1824.639,539.0,1658.446,2838.0,4.135,83.217,2304.999,0.0,0.0,0.0,0.0,0.0,0.3398,0.1599
IMG_0508.png,data\processed\05_boot_roi\boot_mask\IMG_0508.png,299,299,299,228,100,completed_line_045,1,fragment_052,941.0,539.0,941.0,2838.0,0.0,170.0,2299.0,0.0,0.0,0.0,0.0,0.0,0.2885,0.1557
IMG_0508.png,data\processed\05_boot_roi\boot_mask\IMG_0508.png,299,299,299,228,100,completed_line_046,1,fragment_053,1516.32,539.0,1608.28,2838.0,2.291,150.12,2300.838,0.0,0.0,0.0,0.0,0.0,0.3012,0.1569
IMG_0508.png,data\processed\05_boot_roi\boot_mask\IMG_0508.png,299,299,299,228,100,completed_line_047,1,fragment_054,1682.315,539.0,1661.604,2838.0,0.516,111.005,2299.093,0.0,0.0,0.0,0.0,0.0,0.3695,0.17
IMG_0508.png,data\processed\05_boot_roi\boot_mask\IMG_0508.png,299,299,299,228,100,completed_line_048,1,fragment_056,1483.85,539.0,1598.8,2838.0,2.862,80.1,2301.872,0.0,0.0,0.0,0.0,0.0,0.3312,0.1574
IMG_0508.png,data\processed\05_boot_roi\boot_mask\IMG_0508.png,299,299,299,228,100,completed_line_049,1,fragment_057,1443.0,539.0,1443.0,2838.0,0.0,93.0,2299.0,0.0,0.0,0.0,0.0,0.0,0.3316,0.1588
IMG_0508.png,data\processed\05_boot_roi\boot_mask\IMG_0508.png,299,299,299,228,100,completed_line_050,1,fragment_058,1894.705,539.0,1633.455,2838.0,6.483,88.566,2313.796,0.0,0.0,0.0,0.0,0.0,0.3671,0.1672
IMG_0508.png,data\processed\05_boot_roi\boot_mask\IMG_0508.png,299,299,299,228,100,completed_line_052,1,fragment_060,1842.0,539.0,1842.0,2838.0,0.0,229.0,2299.0,0.0,0.0,0.0,0.0,0.0,0.2807,0.1596
IMG_0508.png,data\processed\05_boot_roi\boot_mask\IMG_0508.png,299,299,299,228,100,completed_line_053,1,fragment_062,764.132,539.0,885.665,2838.0,3.026,227.317,2302.21,0.0,0.0,0.0,0.0,0.0,0.3129,0.1674
IMG_0508.png,data\processed\05_boot_roi\boot_mask\IMG_0508.png,299,299,299,228,100,completed_line_055,1,fragment_064,1453.0,539.0,1453.0,2838.0,0.0,111.0,2299.0,0.0,0.0,0.0,0.0,0.0,0.3577,0.1671
IMG_0508.png,data\processed\05_boot_roi\boot_mask\IMG_0508.png,299,299,299,228,100,completed_line_058,1,fragment_067,1937.273,539.0,1623.773,2838.0,7.765,133.222,2320.277,0.0,0.0,0.0,0.0,0.0,0.3389,0.1646
IMG_0508.png,data\processed\05_boot_roi\boot_mask\IMG_0508.png,299,299,299,228,100,completed_line_062,1,fragment_072,1933.526,539.0,1625.412,2838.0,7.633,97.867,2319.555,0.0,0.0,0.0,0.0,0.0,0.3325,0.1595
IMG_0508.png,data\processed\05_boot_roi\boot_mask\IMG_0508.png,299,299,299,228,100,completed_line_063,1,fragment_073,823.522,539.0,902.024,2838.0,1.956,205.119,2300.34,0.0,0.0,0.0,0.0,0.0,0.296,0.161
IMG_0508.png,data\processed\05_boot_roi\boot_mask\IMG_0508.png,299,299,299,228,100,completed_line_064,1,fragment_074,852.457,539.0,938.978,2838.0,2.155,186.132,2300.628,0.0,0.0,0.0,0.0,0.0,0.2894,0.1575
IMG_0508.png,data\processed\05_boot_roi\boot_mask\IMG_0508.png,299,299,299,228,100,completed_line_066,1,fragment_076,839.921,539.0,803.812,2838.0,0.9,191.024,2299.284,0.0,0.0,0.0,0.0,0.0,0.299,0.1604
IMG_0508.png,data\processed\05_boot_roi\boot_mask\IMG_0508.png,299,299,299,228,100,completed_line_068,1,fragment_079,798.238,539.0,871.222,2838.0,1.818,126.063,2300.158,0.0,0.0,0.0,0.0,0.0,0.3012,0.1545
IMG_0508.png,data\processed\05_boot_roi\boot_mask\IMG_0508.png,299,299,299,228,100,completed_line_069,1,fragment_082,833.246,539.0,989.723,2838.0,3.894,191.442,2304.319,0.0,0.0,0.0,0.0,0.0,0.2773,0.155
IMG_0508.png,data\processed\05_boot_roi\boot_mask\IMG_0508.png,299,299,299,228,100,completed_line_070,1,fragment_083,864.989,539.0,789.749,2838.0,1.874,275.147,2300.231,0.0,0.0,0.0,0.0,0.0,0.3129,0.1722
IMG_0508.png,data\processed\05_boot_roi\boot_mask\IMG_0508.png,299,299,299,228,100,completed_line_071,1,fragment_084,790.61,539.0,829.576,2838.0,0.971,177.025,2299.33,0.0,0.0,0.0,0.0,0.0,0.3146,0.1629
IMG_0508.png,data\processed\05_boot_roi\boot_mask\IMG_0508.png,299,299,299,228,100,completed_line_072,1,fragment_085,894.688,539.0,857.904,2838.0,0.917,125.016,2299.294,0.0,0.0,0.0,0.0,0.0,0.3055,0.1554
IMG_0508.png,data\processed\05_boot_roi\boot_mask\IMG_0508.png,299,299,299,228,100,completed_line_074,1,fragment_087,871.399,539.0,788.101,2838.0,2.075,138.091,2300.509,0.0,0.0,0.0,0.0,0.0,0.3142,0.1589
IMG_0508.png,data\processed\05_boot_roi\boot_mask\IMG_0508.png,299,299,299,228,100,completed_line_075,1,fragment_088,1863.46,539.0,1626.262,2838.0,5.891,126.669,2311.204,0.0,0.0,0.0,0.0,0.0,0.4013,0.1796
IMG_0508.png,data\processed\05_boot_roi\boot_mask\IMG_0508.png,299,299,299,228,100,completed_line_076,1,fragment_089,885.772,539.0,926.105,2838.0,1.005,228.035,2299.354,0.0,0.0,0.0,0.0,0.0,0.2768,0.1585
IMG_0508.png,data\processed\05_boot_roi\boot_mask\IMG_0508.png,299,299,299,228,100,completed_line_078,1,fragment_091,1814.677,539.0,1691.075,2838.0,3.077,93.134,2302.32,0.0,0.0,0.0,0.0,0.0,0.3181,0.1554
IMG_0508.png,data\processed\05_boot_roi\boot_mask\IMG_0508.png,299,299,299,228,100,completed_line_080,1,fragment_094,1495.533,539.0,1572.167,2838.0,1.909,90.05,2300.277,0.0,0.0,0.0,0.0,0.0,0.3259,0.1571
IMG_0508.png,data\processed\05_boot_roi\boot_mask\IMG_0508.png,299,299,299,228,100,completed_line_081,1,fragment_095,718.793,539.0,1035.897,2838.0,7.853,87.824,2320.766,0.0,0.0,0.0,0.0,0.0,0.3307,0.1581
IMG_0508.png,data\processed\05_boot_roi\boot_mask\IMG_0508.png,299,299,299,228,100,completed_line_083,1,fragment_097,1865.255,539.0,1620.681,2838.0,6.072,94.53,2311.973,0.0,0.0,0.0,0.0,0.0,0.3891,0.1733
IMG_0508.png,data\processed\05_boot_roi\boot_mask\IMG_0508.png,299,299,299,228,100,completed_line_086,1,fragment_102,1920.531,539.0,1639.02,2838.0,6.981,148.098,2316.171,0.0,0.0,0.0,0.0,0.0,0.3575,0.1707
IMG_0508.png,data\processed\05_boot_roi\boot_mask\IMG_0508.png,299,299,299,228,100,completed_line_087,1,fragment_104,1334.156,539.0,1549.688,2838.0,5.356,96.421,2309.081,0.0,0.0,0.0,0.0,0.0,0.3338,0.1597
IMG_0508.png,data\processed\05_boot_roi\boot_mask\IMG_0508.png,299,299,299,228,100,completed_line_093,1,fragment_112,796.667,539.0,831.5,2838.0,0.868,198.023,2299.264,0.0,0.0,0.0,0.0,0.0,0.3081,0.1633
IMG_0508.png,data\processed\05_boot_roi\boot_mask\IMG_0508.png,299,299,299,228,100,completed_line_095,1,fragment_115,838.924,539.0,875.562,2838.0,0.913,251.032,2299.292,0.0,0.0,0.0,0.0,0.0,0.2977,0.166
IMG_0508.png,data\processed\05_boot_roi\boot_mask\IMG_0508.png,299,299,299,228,100,completed_line_096,1,fragment_116,845.929,539.0,891.364,2838.0,1.132,253.049,2299.449,0.0,0.0,0.0,0.0,0.0,0.295,0.1655
IMG_0508.png,data\processed\05_boot_roi\boot_mask\IMG_0508.png,299,299,299,228,100,completed_line_097,1,fragment_117,875.896,539.0,828.0,2838.0,1.193,144.031,2299.499,0.0,0.0,0.0,0.0,0.0,0.3042,0.157
IMG_0508.png,data\processed\05_boot_roi\boot_mask\IMG_0508.png,299,299,299,228,100,completed_line_100,1,fragment_120,1824.667,539.0,1626.903,2838.0,4.917,93.343,2307.49,0.0,0.0,0.0,0.0,0.0,0.3485,0.1631
IMG_0508.png,data\processed\05_boot_roi\boot_mask\IMG_0508.png,299,299,299,228,100,completed_line_101,1,fragment_121,850.25,539.0,952.884,2838.0,2.556,112.112,2301.29,0.0,0.0,0.0,0.0,0.0,0.3181,0.1573
IMG_0508.png,data\processed\05_boot_roi\boot_mask\IMG_0508.png,299,299,299,228,100,completed_line_102,1,fragment_122,949.442,539.0,746.129,2838.0,5.054,147.574,2307.973,0.0,0.0,0.0,0.0,0.0,0.3173,0.1606
IMG_0508.png,data\processed\05_boot_roi\boot_mask\IMG_0508.png,299,299,299,228,100,completed_line_103,1,fragment_123,873.44,539.0,831.892,2838.0,1.035,166.027,2299.375,0.0,0.0,0.0,0.0,0.0,0.3159,0.1621
IMG_0508.png,data\processed\05_boot_roi\boot_mask\IMG_0508.png,299,299,299,228,100,completed_line_107,1,fragment_127,1910.551,539.0,1626.404,2838.0,7.046,89.677,2316.493,0.0,0.0,0.0,0.0,0.0,0.3342,0.1591
IMG_0508.png,data\processed\05_boot_roi\boot_mask\IMG_0508.png,299,299,299,228,100,completed_line_108,1,fragment_129,1030.941,539.0,760.471,2838.0,6.71,171.172,2314.855,0.0,0.0,0.0,0.0,0.0,0.3031,0.1594
IMG_0508.png,data\processed\05_boot_roi\boot_mask\IMG_0508.png,299,299,299,228,100,completed_line_112,1,fragment_135,800.677,539.0,871.415,2838.0,1.762,195.092,2300.088,0.0,0.0,0.0,0.0,0.0,0.3077,0.1629
IMG_0508.png,data\processed\05_boot_roi\boot_mask\IMG_0508.png,299,299,299,228,100,completed_line_114,1,fragment_138,794.947,539.0,829.056,2838.0,0.85,337.037,2299.253,0.0,0.0,0.0,0.0,0.0,0.3329,0.1833
IMG_0508.png,data\processed\05_boot_roi\boot_mask\IMG_0508.png,299,299,299,228,100,completed_line_116,1,fragment_141,941.583,539.0,750.0,2838.0,4.764,192.666,2306.969,0.0,0.0,0.0,0.0,0.0,0.3134,0.1641
IMG_0508.png,data\processed\05_boot_roi\boot_mask\IMG_0508.png,299,299,299,228,100,completed_line_118,1,fragment_145,852.0,539.0,852.0,2838.0,0.0,122.0,2299.0,0.0,0.0,0.0,0.0,0.0,0.3081,0.1558
IMG_0508.png,data\processed\05_boot_roi\boot_mask\IMG_0508.png,299,299,299,228,100,completed_line_121,1,fragment_150,869.589,539.0,955.533,2838.0,2.141,214.149,2300.606,0.0,0.0,0.0,0.0,0.0,0.2986,0.1626
IMG_0508.png,data\processed\05_boot_roi\boot_mask\IMG_0508.png,299,299,299,228,100,completed_line_124,1,fragment_155,898.224,539.0,858.031,2838.0,1.002,286.044,2299.351,0.0,0.0,0.0,0.0,0.0,0.299,0.1698
IMG_0508.png,data\processed\05_boot_roi\boot_mask\IMG_0508.png,299,299,299,228,100,completed_line_126,1,fragment_157,874.067,539.0,838.515,2838.0,0.886,194.023,2299.275,0.0,0.0,0.0,0.0,0.0,0.3107,0.1636
IMG_0508.png,data\processed\05_boot_roi\boot_mask\IMG_0508.png,299,299,299,228,100,completed_line_127,1,fragment_159,1909.551,539.0,1625.404,2838.0,7.046,89.677,2316.493,0.0,0.0,0.0,0.0,0.0,0.3446,0.1617
IMG_0508.png,data\processed\05_boot_roi\boot_mask\IMG_0508.png,299,299,299,228,100,completed_line_129,1,fragment_162,790.0,539.0,981.583,2838.0,4.764,120.416,2306.969,0.0,0.0,0.0,0.0,0.0,0.316,0.1576
IMG_0508.png,data\processed\05_boot_roi\boot_mask\IMG_0508.png,299,299,299,228,100,completed_line_130,1,fragment_163,1422.333,539.0,1507.481,2838.0,2.121,81.056,2300.576,0.0,0.0,0.0,0.0,0.0,0.3651,0.166
IMG_0508.png,data\processed\05_boot_roi\boot_mask\IMG_0508.png,299,299,299,228,100,completed_line_138,1,fragment_173,1712.703,539.0,1650.568,2838.0,1.548,111.041,2299.84,0.0,0.0,0.0,0.0,0.0,0.3559,0.1667
IMG_0508.png,data\processed\05_boot_roi\boot_mask\IMG_0508.png,299,299,299,228,100,completed_line_139,1,fragment_175,776.996,539.0,897.467,2838.0,3.0,229.314,2302.154,0.0,0.0,0.0,0.0,0.0,0.2894,0.1618
IMG_0508.png,data\processed\05_boot_roi\boot_mask\IMG_0508.png,299,299,299,228,100,completed_line_145,1,fragment_186,880.935,539.0,955.097,2838.0,1.848,124.064,2300.196,0.0,0.0,0.0,0.0,0.0,0.322,0.1595
IMG_0508.png,data\processed\05_boot_roi\boot_mask\IMG_0508.png,299,299,299,228,100,completed_line_146,1,fragment_188,878.447,539.0,829.532,2838.0,1.219,94.021,2299.52,0.0,0.0,0.0,0.0,0.0,0.3233,0.1568
IMG_0508.png,data\processed\05_boot_roi\boot_mask\IMG_0508.png,299,299,299,228,100,completed_line_147,1,fragment_189,844.301,539.0,956.839,2838.0,2.802,143.171,2301.753,0.0,0.0,0.0,0.0,0.0,0.322,0.1614
IMG_0508.png,data\processed\05_boot_roi\boot_mask\IMG_0508.png,299,299,299,228,100,completed_line_148,1,fragment_190,797.188,539.0,869.031,2838.0,1.79,128.062,2300.122,0.0,0.0,0.0,0.0,0.0,0.3064,0.156
IMG_0508.png,data\processed\05_boot_roi\boot_mask\IMG_0508.png,299,299,299,228,100,completed_line_151,1,fragment_195,757.551,539.0,992.882,2838.0,5.845,127.664,2311.013,0.0,0.0,0.0,0.0,0.0,0.3143,0.1579
IMG_0508.png,data\processed\05_boot_roi\boot_mask\IMG_0508.png,299,299,299,228,100,completed_line_153,1,fragment_199,752.694,539.0,999.694,2838.0,6.132,121.696,2312.231,0.0,0.0,0.0,0.0,0.0,0.3074,0.1556
IMG_0508.png,data\processed\05_boot_roi\boot_mask\IMG_0508.png,299,299,299,228,100,completed_line_155,1,fragment_201,829.268,539.0,876.67,2838.0,1.181,194.041,2299.489,0.0,0.0,0.0,0.0,0.0,0.2859,0.1574
IMG_0508.png,data\processed\05_boot_roi\boot_mask\IMG_0508.png,299,299,299,228,100,completed_line_159,1,fragment_205,947.664,539.0,742.959,2838.0,5.088,146.578,2308.096,0.0,0.0,0.0,0.0,0.0,0.3056,0.1576
IMG_0508.png,data\processed\05_boot_roi\boot_mask\IMG_0508.png,299,299,299,228,100,completed_line_160,1,fragment_206,1026.405,539.0,711.661,2838.0,7.796,169.567,2320.445,0.0,0.0,0.0,0.0,0.0,0.3053,0.1598
IMG_0508.png,data\processed\05_boot_roi\boot_mask\IMG_0508.png,299,299,299,228,100,completed_line_167,1,fragment_219,1885.1,539.0,1655.2,2838.0,5.711,80.399,2310.466,0.0,0.0,0.0,0.0,0.0,0.3623,0.1652
IMG_0508.png,data\processed\05_boot_roi\boot_mask\IMG_0508.png,299,299,299,228,100,completed_line_178,1,fragment_233,861.0,539.0,861.0,2838.0,0.0,222.0,2299.0,0.0,0.0,0.0,0.0,0.0,0.295,0.1625
IMG_0508.png,data\processed\05_boot_roi\boot_mask\IMG_0508.png,299,299,299,228,100,completed_line_199,1,fragment_260,818.0,539.0,818.0,2838.0,0.0,183.0,2299.0,0.0,0.0,0.0,0.0,0.0,0.2937,0.1583
IMG_0508.png,data\processed\05_boot_roi\boot_mask\IMG_0508.png,299,299,299,228,100,completed_line_201,1,fragment_264,840.885,539.0,953.951,2838.0,2.816,122.147,2301.779,0.0,0.0,0.0,0.0,0.0,0.3077,0.1557
IMG_0508.png,data\processed\05_boot_roi\boot_mask\IMG_0508.png,299,299,299,228,100,completed_line_205,1,fragment_270,876.623,539.0,833.245,2838.0,1.081,106.019,2299.409,0.0,0.0,0.0,0.0,0.0,0.3185,0.1568
IMG_0508.png,data\processed\05_boot_roi\boot_mask\IMG_0508.png,299,299,299,228,100,completed_line_210,1,fragment_280,786.757,539.0,829.729,2838.0,1.071,107.019,2299.402,0.0,0.0,0.0,0.0,0.0,0.3225,0.1579
IMG_0508.png,data\processed\05_boot_roi\boot_mask\IMG_0508.png,299,299,299,228,100,completed_line_219,1,fragment_298,856.95,539.0,799.475,2838.0,1.432,80.025,2299.718,0.0,0.0,0.0,0.0,0.0,0.322,0.1551
IMG_0509.png,data\processed\05_boot_roi\boot_mask\IMG_0509.png,94,94,94,53,45,completed_line_001,1,fragment_001,1833.0,597.0,1833.0,2556.0,0.0,191.0,1959.0,0.0,0.0,0.0,0.0,0.0,0.3292,0.1679
IMG_0509.png,data\processed\05_boot_roi\boot_mask\IMG_0509.png,94,94,94,53,45,completed_line_002,2,fragment_002|fragment_029,1440.303,597.0,1440.913,2556.0,0.018,340.0,1959.0,0.0,2.999,1.5,0.036,0.018,0.4472,0.2633
IMG_0509.png,data\processed\05_boot_roi\boot_mask\IMG_0509.png,94,94,94,53,45,completed_line_003,1,fragment_003,1843.411,597.0,1678.442,2556.0,4.814,95.336,1965.934,0.0,0.0,0.0,0.0,0.0,0.5053,0.2025
IMG_0509.png,data\processed\05_boot_roi\boot_mask\IMG_0509.png,94,94,94,53,45,completed_line_004,1,fragment_004,1837.794,597.0,1676.227,2556.0,4.715,97.329,1965.651,0.0,0.0,0.0,0.0,0.0,0.4779,0.1958
IMG_0509.png,data\processed\05_boot_roi\boot_mask\IMG_0509.png,94,94,94,53,45,completed_line_005,1,fragment_007,1802.546,597.0,1701.567,2556.0,2.951,97.129,1961.601,0.0,0.0,0.0,0.0,0.0,0.4021,0.1768
IMG_0509.png,data\processed\05_boot_roi\boot_mask\IMG_0509.png,94,94,94,53,45,completed_line_006,2,fragment_009|fragment_049,1915.099,597.0,1649.585,2556.0,7.719,257.391,1976.911,0.0,1.125,0.737,0.17,0.123,0.4446,0.2616
IMG_0509.png,data\processed\05_boot_roi\boot_mask\IMG_0509.png,94,94,94,53,45,completed_line_007,1,fragment_011,1844.3,597.0,1648.4,2556.0,5.711,90.449,1968.771,0.0,0.0,0.0,0.0,0.0,0.4543,0.1892
IMG_0509.png,data\processed\05_boot_roi\boot_mask\IMG_0509.png,94,94,94,53,45,completed_line_008,4,fragment_012|fragment_031|fragment_065|fragment_051,1857.701,597.0,1620.561,2556.0,6.902,446.954,1973.301,0.0,8.721,3.092,2.833,1.025,0.3784,0.2935
IMG_0509.png,data\processed\05_boot_roi\boot_mask\IMG_0509.png,94,94,94,53,45,completed_line_009,1,fragment_016,1845.108,597.0,1676.591,2556.0,4.917,93.343,1966.235,0.0,0.0,0.0,0.0,0.0,0.5359,0.2099
IMG_0509.png,data\processed\05_boot_roi\boot_mask\IMG_0509.png,94,94,94,53,45,completed_line_010,1,fragment_017,1833.049,597.0,1712.123,2556.0,3.532,81.154,1962.729,0.0,0.0,0.0,0.0,0.0,0.3914,0.1726
IMG_0509.png,data\processed\05_boot_roi\boot_mask\IMG_0509.png,94,94,94,53,45,completed_line_011,1,fragment_018,1512.697,597.0,1572.061,2556.0,1.736,99.045,1959.899,0.0,0.0,0.0,0.0,0.0,0.3721,0.1695
IMG_0509.png,data\processed\05_boot_roi\boot_mask\IMG_0509.png,94,94,94,53,45,completed_line_012,1,fragment_021,1900.122,597.0,1685.11,2556.0,6.263,82.492,1970.764,0.0,0.0,0.0,0.0,0.0,0.3455,0.1612
IMG_0509.png,data\processed\05_boot_roi\boot_mask\IMG_0509.png,94,94,94,53,45,completed_line_013,1,fragment_022,1538.424,597.0,1559.717,2556.0,0.623,92.005,1959.116,0.0,0.0,0.0,0.0,0.0,0.3277,0.1577
IMG_0509.png,data\processed\05_boot_roi\boot_mask\IMG_0509.png,94,94,94,53,45,completed_line_014,1,fragment_023,1460.825,597.0,1426.456,2556.0,1.005,114.018,1959.301,0.0,0.0,0.0,0.0,0.0,0.3216,0.1584
IMG_0509.png,data\processed\05_boot_roi\boot_mask\IMG_0509.png,94,94,94,53,45,completed_line_015,3,fragment_025|fragment_076|fragment_093,1330.864,597.0,1330.284,2556.0,0.017,377.0,1959.0,38.0,1.419,0.557,0.051,0.017,0.242,0.2926
IMG_0509.png,data\processed\05_boot_roi\boot_mask\IMG_0509.png,94,94,94,53,45,completed_line_016,1,fragment_026,1667.167,597.0,1830.417,2556.0,4.764,84.291,1965.79,0.0,0.0,0.0,0.0,0.0,0.2763,0.1441
IMG_0509.png,data\processed\05_boot_roi\boot_mask\IMG_0509.png,94,94,94,53,45,completed_line_017,1,fragment_027,1424.0,597.0,1424.0,2556.0,0.0,92.0,1959.0,0.0,0.0,0.0,0.0,0.0,0.3124,0.1539
IMG_0509.png,data\processed\05_boot_roi\boot_mask\IMG_0509.png,94,94,94,53,45,completed_line_018,1,fragment_028,1865.458,597.0,1629.434,2556.0,6.87,83.6,1973.167,0.0,0.0,0.0,0.0,0.0,0.386,0.1715
IMG_0509.png,data\processed\05_boot_roi\boot_mask\IMG_0509.png,94,94,94,53,45,completed_line_019,1,fragment_030,1482.978,597.0,1569.088,2556.0,2.517,91.088,1960.892,0.0,0.0,0.0,0.0,0.0,0.3104,0.1533
IMG_0509.png,data\processed\05_boot_roi\boot_mask\IMG_0509.png,94,94,94,53,45,completed_line_020,1,fragment_032,1526.769,597.0,1564.442,2556.0,1.102,104.019,1959.362,0.0,0.0,0.0,0.0,0.0,0.3599,0.167
IMG_0509.png,data\processed\05_boot_roi\boot_mask\IMG_0509.png,94,94,94,53,45,completed_line_021,1,fragment_033,1366.544,597.0,1499.68,2556.0,3.888,103.238,1963.519,0.0,0.0,0.0,0.0,0.0,0.3725,0.17
IMG_0509.png,data\processed\05_boot_roi\boot_mask\IMG_0509.png,94,94,94,53,45,completed_line_022,1,fragment_035,1494.2,597.0,1559.5,2556.0,1.909,90.05,1960.088,0.0,0.0,0.0,0.0,0.0,0.3338,0.1591
IMG_0509.png,data\processed\05_boot_roi\boot_mask\IMG_0509.png,94,94,94,53,45,completed_line_023,1,fragment_037,1832.814,597.0,1673.36,2556.0,4.653,86.284,1965.479,0.0,0.0,0.0,0.0,0.0,0.4519,0.1882
IMG_0509.png,data\processed\05_boot_roi\boot_mask\IMG_0509.png,94,94,94,53,45,completed_line_024,1,fragment_039,1904.295,597.0,1703.027,2556.0,5.866,146.769,1969.312,0.0,0.0,0.0,0.0,0.0,0.3338,0.1647
IMG_0509.png,data\processed\05_boot_roi\boot_mask\IMG_0509.png,94,94,94,53,45,completed_line_025,1,fragment_041,1646.867,597.0,1852.095,2556.0,5.981,105.575,1969.721,0.0,0.0,0.0,0.0,0.0,0.274,0.1456
IMG_0509.png,data\processed\05_boot_roi\boot_mask\IMG_0509.png,94,94,94,53,45,completed_line_026,1,fragment_042,1373.678,597.0,1639.305,2556.0,7.722,119.08,1976.927,0.0,0.0,0.0,0.0,0.0,0.3566,0.1676
IMG_0509.png,data\processed\05_boot_roi\boot_mask\IMG_0509.png,94,94,94,53,45,completed_line_027,1,fragment_044,1912.0,597.0,1641.793,2556.0,7.853,87.824,1977.547,0.0,0.0,0.0,0.0,0.0,0.3991,0.1752
IMG_0509.png,data\processed\05_boot_roi\boot_mask\IMG_0509.png,94,94,94,53,45,completed_line_028,1,fragment_045,1309.672,597.0,1478.552,2556.0,4.927,116.43,1966.266,0.0,0.0,0.0,0.0,0.0,0.3267,0.1599
IMG_0509.png,data\processed\05_boot_roi\boot_mask\IMG_0509.png,94,94,94,53,45,completed_line_029,1,fragment_052,1488.788,597.0,1580.976,2556.0,2.694,85.094,1961.168,0.0,0.0,0.0,0.0,0.0,0.3456,0.1615
IMG_0509.png,data\processed\05_boot_roi\boot_mask\IMG_0509.png,94,94,94,53,45,completed_line_030,1,fragment_053,1919.237,597.0,1649.875,2556.0,7.829,80.753,1977.432,0.0,0.0,0.0,0.0,0.0,0.4249,0.1809
IMG_0509.png,data\processed\05_boot_roi\boot_mask\IMG_0509.png,94,94,94,53,45,completed_line_031,1,fragment_055,1521.295,597.0,1582.039,2556.0,1.776,129.062,1959.942,0.0,0.0,0.0,0.0,0.0,0.2695,0.1469
IMG_0509.png,data\processed\05_boot_roi\boot_mask\IMG_0509.png,94,94,94,53,45,completed_line_032,1,fragment_056,1403.482,597.0,1450.687,2556.0,1.38,83.024,1959.569,0.0,0.0,0.0,0.0,0.0,0.3583,0.1645
IMG_0509.png,data\processed\05_boot_roi\boot_mask\IMG_0509.png,94,94,94,53,45,completed_line_033,1,fragment_057,1552.867,597.0,1378.733,2556.0,5.08,90.355,1966.724,0.0,0.0,0.0,0.0,0.0,0.346,0.1621
IMG_0509.png,data\processed\05_boot_roi\boot_mask\IMG_0509.png,94,94,94,53,45,completed_line_034,1,fragment_059,1695.575,597.0,1769.037,2556.0,2.148,80.056,1960.377,0.0,0.0,0.0,0.0,0.0,0.3262,0.1562
IMG_0509.png,data\processed\05_boot_roi\boot_mask\IMG_0509.png,94,94,94,53,45,completed_line_035,1,fragment_061,1590.094,597.0,1336.576,2556.0,7.374,85.709,1975.336,0.0,0.0,0.0,0.0,0.0,0.3191,0.155
IMG_0509.png,data\processed\05_boot_roi\boot_mask\IMG_0509.png,94,94,94,53,45,completed_line_036,1,fragment_066,1453.725,597.0,1404.75,2556.0,1.432,80.025,1959.612,0.0,0.0,0.0,0.0,0.0,0.3415,0.16
IMG_0509.png,data\processed\05_boot_roi\boot_mask\IMG_0509.png,94,94,94,53,45,completed_line_037,1,fragment_067,1308.421,597.0,1480.263,2556.0,5.013,114.438,1966.522,0.0,0.0,0.0,0.0,0.0,0.3095,0.1554
IMG_0509.png,data\processed\05_boot_roi\boot_mask\IMG_0509.png,94,94,94,53,45,completed_line_038,1,fragment_070,1561.655,597.0,1494.103,2556.0,1.975,87.052,1960.164,0.0,0.0,0.0,0.0,0.0,0.2634,0.1412
IMG_0509.png,data\processed\05_boot_roi\boot_mask\IMG_0509.png,94,94,94,53,45,completed_line_039,1,fragment_074,1917.0,597.0,1650.963,2556.0,7.734,81.744,1976.982,0.0,0.0,0.0,0.0,0.0,0.4264,0.1814
IMG_0509.png,data\processed\05_boot_roi\boot_mask\IMG_0509.png,94,94,94,53,45,completed_line_040,1,fragment_077,1365.533,597.0,1496.133,2556.0,3.814,105.233,1963.349,0.0,0.0,0.0,0.0,0.0,0.3823,0.1727
IMG_0509.png,data\processed\05_boot_roi\boot_mask\IMG_0509.png,94,94,94,53,45,completed_line_041,1,fragment_079,1696.591,597.0,1780.849,2556.0,2.463,93.086,1960.811,0.0,0.0,0.0,0.0,0.0,0.3486,0.1631
IMG_0509.png,data\processed\05_boot_roi\boot_mask\IMG_0509.png,94,94,94,53,45,completed_line_042,1,fragment_081,1383.704,597.0,1456.259,2556.0,2.121,81.056,1960.343,0.0,0.0,0.0,0.0,0.0,0.3277,0.1566
IMG_0509.png,data\processed\05_boot_roi\boot_mask\IMG_0509.png,94,94,94,53,45,completed_line_043,2,fragment_082|fragment_085,1194.09,597.0,1296.879,2556.0,3.004,263.334,1961.695,0.0,3.579,2.124,1.161,0.863,0.2156,0.1761
IMG_0509.png,data\processed\05_boot_roi\boot_mask\IMG_0509.png,94,94,94,53,45,completed_line_044,1,fragment_084,1395.765,597.0,1357.353,2556.0,1.123,102.02,1959.377,0.0,0.0,0.0,0.0,0.0,0.1945,0.1254
IMG_0509.png,data\processed\05_boot_roi\boot_mask\IMG_0509.png,94,94,94,53,45,completed_line_045,1,fragment_086,1693.606,597.0,1574.879,2556.0,3.468,99.182,1962.594,0.0,0.0,0.0,0.0,0.0,0.3012,0.1518
IMG_0510.png,data\processed\05_boot_roi\boot_mask\IMG_0510.png,114,114,114,65,57,completed_line_001,1,fragment_001,1886.706,452.0,1612.941,2779.0,6.71,85.586,2343.048,0.0,0.0,0.0,0.0,0.0,0.3918,0.1731
IMG_0510.png,data\processed\05_boot_roi\boot_mask\IMG_0510.png,114,114,114,65,57,completed_line_002,1,fragment_003,1748.6,452.0,1645.178,2779.0,2.545,90.089,2329.297,0.0,0.0,0.0,0.0,0.0,0.3312,0.1584
IMG_0510.png,data\processed\05_boot_roi\boot_mask\IMG_0510.png,114,114,114,65,57,completed_line_003,1,fragment_004,1846.655,452.0,1605.931,2779.0,5.906,87.464,2339.418,0.0,0.0,0.0,0.0,0.0,0.4526,0.1885
IMG_0510.png,data\processed\05_boot_roi\boot_mask\IMG_0510.png,114,114,114,65,57,completed_line_004,2,fragment_007|fragment_030,1821.341,452.0,1652.658,2779.0,4.146,202.574,2333.106,0.0,3.935,2.008,1.526,0.848,0.4653,0.2247
IMG_0510.png,data\processed\05_boot_roi\boot_mask\IMG_0510.png,114,114,114,65,57,completed_line_005,2,fragment_008|fragment_010,1695.063,452.0,1668.117,2779.0,0.663,247.033,2327.156,0.0,8.098,4.393,0.542,0.351,0.2668,0.175
IMG_0510.png,data\processed\05_boot_roi\boot_mask\IMG_0510.png,114,114,114,65,57,completed_line_006,1,fragment_009,1323.0,452.0,1323.0,2779.0,0.0,284.0,2327.0,0.0,0.0,0.0,0.0,0.0,0.2229,0.1506
IMG_0510.png,data\processed\05_boot_roi\boot_mask\IMG_0510.png,114,114,114,65,57,completed_line_007,2,fragment_011|fragment_031,1844.328,452.0,1620.952,2779.0,5.483,226.081,2337.697,0.0,1.848,1.183,1.008,0.544,0.4865,0.2514
IMG_0510.png,data\processed\05_boot_roi\boot_mask\IMG_0510.png,114,114,114,65,57,completed_line_008,2,fragment_014|fragment_044,1447.424,452.0,1404.246,2779.0,1.063,259.017,2327.401,0.0,1.691,1.11,0.808,0.419,0.3106,0.2147
IMG_0510.png,data\processed\05_boot_roi\boot_mask\IMG_0510.png,114,114,114,65,57,completed_line_009,1,fragment_015,1854.314,452.0,1610.791,2779.0,5.974,86.47,2339.708,0.0,0.0,0.0,0.0,0.0,0.4718,0.1932
IMG_0510.png,data\processed\05_boot_roi\boot_mask\IMG_0510.png,114,114,114,65,57,completed_line_010,1,fragment_016,1840.253,452.0,1672.036,2779.0,4.135,83.217,2333.072,0.0,0.0,0.0,0.0,0.0,0.3779,0.1694
IMG_0510.png,data\processed\05_boot_roi\boot_mask\IMG_0510.png,114,114,114,65,57,completed_line_011,1,fragment_017,1835.753,452.0,1644.118,2779.0,4.708,85.288,2334.878,0.0,0.0,0.0,0.0,0.0,0.4859,0.1966
IMG_0510.png,data\processed\05_boot_roi\boot_mask\IMG_0510.png,114,114,114,65,57,completed_line_012,2,fragment_018|fragment_033,1805.699,452.0,1818.609,2779.0,0.318,385.0,2327.036,0.0,9.881,5.389,0.636,0.318,0.2448,0.1727
IMG_0510.png,data\processed\05_boot_roi\boot_mask\IMG_0510.png,114,114,114,65,57,completed_line_013,2,fragment_019|fragment_084,1680.083,452.0,1793.174,2779.0,2.782,204.421,2329.746,0.0,15.584,9.392,1.929,1.454,0.278,0.113
IMG_0510.png,data\processed\05_boot_roi\boot_mask\IMG_0510.png,114,114,114,65,57,completed_line_014,1,fragment_020,1846.49,452.0,1656.531,2779.0,4.667,98.326,2334.741,0.0,0.0,0.0,0.0,0.0,0.3856,0.1728
IMG_0510.png,data\processed\05_boot_roi\boot_mask\IMG_0510.png,114,114,114,65,57,completed_line_015,1,fragment_023,1911.091,452.0,1614.927,2779.0,7.253,110.887,2345.771,0.0,0.0,0.0,0.0,0.0,0.3887,0.1749
IMG_0510.png,data\processed\05_boot_roi\boot_mask\IMG_0510.png,114,114,114,65,57,completed_line_016,1,fragment_024,1834.871,452.0,1643.235,2779.0,4.708,85.288,2334.878,0.0,0.0,0.0,0.0,0.0,0.4679,0.1921
IMG_0510.png,data\processed\05_boot_roi\boot_mask\IMG_0510.png,114,114,114,65,57,completed_line_017,1,fragment_025,1833.144,452.0,1652.156,2779.0,4.447,90.272,2334.028,0.0,0.0,0.0,0.0,0.0,0.509,0.2029
IMG_0510.png,data\processed\05_boot_roi\boot_mask\IMG_0510.png,114,114,114,65,57,completed_line_018,1,fragment_026,1669.0,452.0,1669.0,2779.0,0.0,88.0,2327.0,0.0,0.0,0.0,0.0,0.0,0.3505,0.163
IMG_0510.png,data\processed\05_boot_roi\boot_mask\IMG_0510.png,114,114,114,65,57,completed_line_019,1,fragment_028,1747.317,452.0,1633.805,2779.0,2.793,82.098,2329.767,0.0,0.0,0.0,0.0,0.0,0.3694,0.1672
IMG_0510.png,data\processed\05_boot_roi\boot_mask\IMG_0510.png,114,114,114,65,57,completed_line_020,1,fragment_029,1850.815,452.0,1678.444,2779.0,4.236,81.222,2333.375,0.0,0.0,0.0,0.0,0.0,0.3368,0.1589
IMG_0510.png,data\processed\05_boot_roi\boot_mask\IMG_0510.png,114,114,114,65,57,completed_line_021,1,fragment_032,1863.843,452.0,1576.236,2779.0,7.046,89.677,2344.706,0.0,0.0,0.0,0.0,0.0,0.3529,0.1638
IMG_0510.png,data\processed\05_boot_roi\boot_mask\IMG_0510.png,114,114,114,65,57,completed_line_022,1,fragment_034,1511.561,452.0,1568.317,2779.0,1.397,82.024,2327.692,0.0,0.0,0.0,0.0,0.0,0.3247,0.156
IMG_0510.png,data\processed\05_boot_roi\boot_mask\IMG_0510.png,114,114,114,65,57,completed_line_023,1,fragment_036,1776.625,452.0,1620.0,2779.0,3.851,104.235,2332.265,0.0,0.0,0.0,0.0,0.0,0.3127,0.1552
IMG_0510.png,data\processed\05_boot_roi\boot_mask\IMG_0510.png,114,114,114,65,57,completed_line_024,1,fragment_037,1856.634,452.0,1606.419,2779.0,6.137,93.536,2340.414,0.0,0.0,0.0,0.0,0.0,0.4551,0.1897
IMG_0510.png,data\processed\05_boot_roi\boot_mask\IMG_0510.png,114,114,114,65,57,completed_line_025,1,fragment_039,1902.111,452.0,1643.556,2779.0,6.34,81.498,2341.32,0.0,0.0,0.0,0.0,0.0,0.341,0.16
IMG_0510.png,data\processed\05_boot_roi\boot_mask\IMG_0510.png,114,114,114,65,57,completed_line_026,1,fragment_043,1518.049,452.0,1489.321,2779.0,0.707,81.006,2327.177,0.0,0.0,0.0,0.0,0.0,0.2758,0.1436
IMG_0510.png,data\processed\05_boot_roi\boot_mask\IMG_0510.png,114,114,114,65,57,completed_line_027,1,fragment_045,1626.909,452.0,1759.125,2779.0,3.252,88.142,2330.753,0.0,0.0,0.0,0.0,0.0,0.278,0.1449
IMG_0510.png,data\processed\05_boot_roi\boot_mask\IMG_0510.png,114,114,114,65,57,completed_line_028,1,fragment_046,1803.0,452.0,1803.0,2779.0,0.0,85.0,2327.0,0.0,0.0,0.0,0.0,0.0,0.4046,0.1763
IMG_0510.png,data\processed\05_boot_roi\boot_mask\IMG_0510.png,114,114,114,65,57,completed_line_029,1,fragment_047,1622.419,452.0,1672.462,2779.0,1.232,93.022,2327.538,0.0,0.0,0.0,0.0,0.0,0.3015,0.1513
IMG_0510.png,data\processed\05_boot_roi\boot_mask\IMG_0510.png,114,114,114,65,57,completed_line_030,1,fragment_048,1839.181,452.0,1670.964,2779.0,4.135,83.217,2333.072,0.0,0.0,0.0,0.0,0.0,0.3689,0.1671
IMG_0510.png,data\processed\05_boot_roi\boot_mask\IMG_0510.png,114,114,114,65,57,completed_line_031,1,fragment_051,1956.188,452.0,1641.073,2779.0,7.712,96.876,2348.239,0.0,0.0,0.0,0.0,0.0,0.2861,0.1478
IMG_0510.png,data\processed\05_boot_roi\boot_mask\IMG_0510.png,114,114,114,65,57,completed_line_032,1,fragment_052,1712.0,452.0,1712.0,2779.0,0.0,96.0,2327.0,0.0,0.0,0.0,0.0,0.0,0.2513,0.139
IMG_0510.png,data\processed\05_boot_roi\boot_mask\IMG_0510.png,114,114,114,65,57,completed_line_033,1,fragment_053,1795.176,452.0,1820.747,2779.0,0.63,91.005,2327.14,0.0,0.0,0.0,0.0,0.0,0.2577,0.1401
IMG_0510.png,data\processed\05_boot_roi\boot_mask\IMG_0510.png,114,114,114,65,57,completed_line_034,1,fragment_054,1514.2,452.0,1572.375,2779.0,1.432,80.025,2327.727,0.0,0.0,0.0,0.0,0.0,0.3351,0.1584
IMG_0510.png,data\processed\05_boot_roi\boot_mask\IMG_0510.png,114,114,114,65,57,completed_line_035,1,fragment_056,1495.347,452.0,1541.426,2779.0,1.134,101.02,2327.456,0.0,0.0,0.0,0.0,0.0,0.2835,0.1476
IMG_0510.png,data\processed\05_boot_roi\boot_mask\IMG_0510.png,114,114,114,65,57,completed_line_036,2,fragment_061|fragment_082,1291.724,452.0,1503.017,2779.0,5.188,218.827,2336.573,0.0,0.42,0.216,0.421,0.335,0.3094,0.2233
IMG_0510.png,data\processed\05_boot_roi\boot_mask\IMG_0510.png,114,114,114,65,57,completed_line_037,1,fragment_062,1899.663,452.0,1656.14,2779.0,5.974,86.47,2339.708,0.0,0.0,0.0,0.0,0.0,0.2897,0.1477
IMG_0510.png,data\processed\05_boot_roi\boot_mask\IMG_0510.png,114,114,114,65,57,completed_line_038,1,fragment_065,1359.698,452.0,1485.969,2779.0,3.106,129.19,2330.423,0.0,0.0,0.0,0.0,0.0,0.2857,0.1509
IMG_0510.png,data\processed\05_boot_roi\boot_mask\IMG_0510.png,114,114,114,65,57,completed_line_039,1,fragment_066,1729.8,452.0,1647.671,2779.0,2.021,85.053,2328.449,0.0,0.0,0.0,0.0,0.0,0.3131,0.1534
IMG_0510.png,data\processed\05_boot_roi\boot_mask\IMG_0510.png,114,114,114,65,57,completed_line_040,1,fragment_070,1894.826,452.0,1574.596,2779.0,7.836,110.027,2348.931,0.0,0.0,0.0,0.0,0.0,0.3295,0.16
IMG_0510.png,data\processed\05_boot_roi\boot_mask\IMG_0510.png,114,114,114,65,57,completed_line_041,1,fragment_071,1923.42,452.0,1636.761,2779.0,7.023,139.043,2344.59,0.0,0.0,0.0,0.0,0.0,0.3581,0.17
IMG_0510.png,data\processed\05_boot_roi\boot_mask\IMG_0510.png,114,114,114,65,57,completed_line_042,1,fragment_072,1846.1,452.0,1671.575,2779.0,4.289,80.225,2333.536,0.0,0.0,0.0,0.0,0.0,0.3702,0.1672
IMG_0510.png,data\processed\05_boot_roi\boot_mask\IMG_0510.png,114,114,114,65,57,completed_line_043,1,fragment_073,1392.24,452.0,1485.32,2779.0,2.291,100.08,2328.861,0.0,0.0,0.0,0.0,0.0,0.2745,0.1452
IMG_0510.png,data\processed\05_boot_roi\boot_mask\IMG_0510.png,114,114,114,65,57,completed_line_044,1,fragment_074,1514.435,452.0,1438.554,2779.0,1.868,92.049,2328.237,0.0,0.0,0.0,0.0,0.0,0.2629,0.1415
IMG_0510.png,data\processed\05_boot_roi\boot_mask\IMG_0510.png,114,114,114,65,57,completed_line_045,1,fragment_075,1640.588,452.0,1750.094,2779.0,2.694,85.094,2329.575,0.0,0.0,0.0,0.0,0.0,0.2445,0.1362
IMG_0510.png,data\processed\05_boot_roi\boot_mask\IMG_0510.png,114,114,114,65,57,completed_line_046,1,fragment_076,1482.926,452.0,1260.128,2779.0,5.469,94.43,2337.642,0.0,0.0,0.0,0.0,0.0,0.2901,0.1486
IMG_0510.png,data\processed\05_boot_roi\boot_mask\IMG_0510.png,114,114,114,65,57,completed_line_047,1,fragment_077,1546.0,452.0,1546.0,2779.0,0.0,86.0,2327.0,0.0,0.0,0.0,0.0,0.0,0.2784,0.1448
IMG_0510.png,data\processed\05_boot_roi\boot_mask\IMG_0510.png,114,114,114,65,57,completed_line_048,1,fragment_078,1850.138,452.0,1689.655,2779.0,3.945,87.207,2332.527,0.0,0.0,0.0,0.0,0.0,0.3535,0.1637
IMG_0510.png,data\processed\05_boot_roi\boot_mask\IMG_0510.png,114,114,114,65,57,completed_line_049,1,fragment_080,1677.0,452.0,1677.0,2779.0,0.0,103.0,2327.0,0.0,0.0,0.0,0.0,0.0,0.2938,0.1503
IMG_0510.png,data\processed\05_boot_roi\boot_mask\IMG_0510.png,114,114,114,65,57,completed_line_050,1,fragment_086,1750.575,452.0,1721.487,2779.0,0.716,80.006,2327.182,0.0,0.0,0.0,0.0,0.0,0.3119,0.1526
IMG_0510.png,data\processed\05_boot_roi\boot_mask\IMG_0510.png,114,114,114,65,57,completed_line_051,1,fragment_087,1800.0,452.0,1800.0,2779.0,0.0,82.0,2327.0,0.0,0.0,0.0,0.0,0.0,0.3969,0.174
IMG_0510.png,data\processed\05_boot_roi\boot_mask\IMG_0510.png,114,114,114,65,57,completed_line_052,1,fragment_088,1397.41,452.0,1441.733,2779.0,1.091,105.019,2327.422,0.0,0.0,0.0,0.0,0.0,0.2951,0.1509
IMG_0510.png,data\processed\05_boot_roi\boot_mask\IMG_0510.png,114,114,114,65,57,completed_line_053,1,fragment_090,1547.042,452.0,1377.365,2779.0,4.17,96.255,2333.178,0.0,0.0,0.0,0.0,0.0,0.2468,0.1379
IMG_0510.png,data\processed\05_boot_roi\boot_mask\IMG_0510.png,114,114,114,65,57,completed_line_054,1,fragment_092,1807.02,452.0,1667.4,2779.0,3.434,100.18,2331.185,0.0,0.0,0.0,0.0,0.0,0.4118,0.1796
IMG_0510.png,data\processed\05_boot_roi\boot_mask\IMG_0510.png,114,114,114,65,57,completed_line_055,1,fragment_094,1183.46,452.0,1302.358,2779.0,2.925,137.179,2330.036,0.0,0.0,0.0,0.0,0.0,0.1982,0.1298
IMG_0510.png,data\processed\05_boot_roi\boot_mask\IMG_0510.png,114,114,114,65,57,completed_line_056,2,fragment_095|fragment_096,1240.196,452.0,1032.196,2779.0,5.108,203.887,2336.278,0.0,2.975,1.715,0.47,0.263,0.2542,0.1944
IMG_0510.png,data\processed\05_boot_roi\boot_mask\IMG_0510.png,114,114,114,65,57,completed_line_057,1,fragment_097,1390.222,452.0,1347.13,2779.0,1.061,108.019,2327.399,0.0,0.0,0.0,0.0,0.0,0.2036,0.1283
IMG_0511.png,data\processed\05_boot_roi\boot_mask\IMG_0511.png,106,106,106,41,33,completed_line_001,2,fragment_001|fragment_004,1652.979,519.0,1696.033,2900.0,1.036,513.063,2381.389,0.0,3.087,1.811,0.309,0.225,0.3174,0.243
IMG_0511.png,data\processed\05_boot_roi\boot_mask\IMG_0511.png,106,106,106,41,33,completed_line_002,1,fragment_002,1824.0,519.0,1824.0,2900.0,0.0,110.0,2381.0,0.0,0.0,0.0,0.0,0.0,0.4244,0.1837
IMG_0511.png,data\processed\05_boot_roi\boot_mask\IMG_0511.png,106,106,106,41,33,completed_line_003,1,fragment_003,1826.0,519.0,1826.0,2900.0,0.0,101.0,2381.0,0.0,0.0,0.0,0.0,0.0,0.4433,0.1875
IMG_0511.png,data\processed\05_boot_roi\boot_mask\IMG_0511.png,106,106,106,41,33,completed_line_004,1,fragment_005,1529.788,519.0,1781.894,2900.0,6.044,85.475,2394.31,0.0,0.0,0.0,0.0,0.0,0.3133,0.1535
IMG_0511.png,data\processed\05_boot_roi\boot_mask\IMG_0511.png,106,106,106,41,33,completed_line_005,3,fragment_006|fragment_025|fragment_071,1813.474,519.0,1812.762,2900.0,0.017,280.023,2381.0,0.0,5.978,3.033,1.319,1.285,0.3023,0.2688
IMG_0511.png,data\processed\05_boot_roi\boot_mask\IMG_0511.png,106,106,106,41,33,completed_line_006,1,fragment_007,1629.227,519.0,1521.0,2900.0,2.603,110.114,2383.458,0.0,0.0,0.0,0.0,0.0,0.3186,0.1573
IMG_0511.png,data\processed\05_boot_roi\boot_mask\IMG_0511.png,106,106,106,41,33,completed_line_007,1,fragment_008,1555.0,519.0,1555.0,2900.0,0.0,93.0,2381.0,0.0,0.0,0.0,0.0,0.0,0.3854,0.1722
IMG_0511.png,data\processed\05_boot_roi\boot_mask\IMG_0511.png,106,106,106,41,33,completed_line_008,1,fragment_010,1173.0,519.0,1298.316,2900.0,3.013,95.131,2384.296,0.0,0.0,0.0,0.0,0.0,0.2679,0.1431
IMG_0511.png,data\processed\05_boot_roi\boot_mask\IMG_0511.png,106,106,106,41,33,completed_line_009,1,fragment_013,1435.0,519.0,1435.0,2900.0,0.0,181.0,2381.0,0.0,0.0,0.0,0.0,0.0,0.1826,0.1303
IMG_0511.png,data\processed\05_boot_roi\boot_mask\IMG_0511.png,106,106,106,41,33,completed_line_010,2,fragment_015|fragment_079,1401.965,519.0,1732.427,2900.0,7.902,218.073,2403.823,0.0,1.139,0.569,0.011,0.005,0.2909,0.2218
IMG_0511.png,data\processed\05_boot_roi\boot_mask\IMG_0511.png,106,106,106,41,33,completed_line_011,2,fragment_016|fragment_029,1836.197,519.0,1800.44,2900.0,0.86,181.045,2381.268,0.0,7.583,4.232,1.701,0.86,0.3703,0.1776
IMG_0511.png,data\processed\05_boot_roi\boot_mask\IMG_0511.png,106,106,106,41,33,completed_line_012,2,fragment_017|fragment_018,1878.905,519.0,1766.438,2900.0,2.704,243.348,2383.655,0.0,6.327,3.931,0.735,0.406,0.3006,0.1888
IMG_0511.png,data\processed\05_boot_roi\boot_mask\IMG_0511.png,106,106,106,41,33,completed_line_013,2,fragment_021|fragment_050,1815.771,519.0,1843.051,2900.0,0.656,187.02,2381.156,0.0,1.04,0.551,1.157,0.656,0.2821,0.1979
IMG_0511.png,data\processed\05_boot_roi\boot_mask\IMG_0511.png,106,106,106,41,33,completed_line_014,1,fragment_032,1590.8,519.0,1670.167,2900.0,1.909,120.067,2382.322,0.0,0.0,0.0,0.0,0.0,0.2645,0.1447
IMG_0511.png,data\processed\05_boot_roi\boot_mask\IMG_0511.png,106,106,106,41,33,completed_line_015,1,fragment_033,1791.683,519.0,1849.756,2900.0,1.397,82.024,2381.708,0.0,0.0,0.0,0.0,0.0,0.306,0.1513
IMG_0511.png,data\processed\05_boot_roi\boot_mask\IMG_0511.png,106,106,106,41,33,completed_line_016,1,fragment_040,1136.362,519.0,1344.7,2900.0,5.001,80.306,2390.097,0.0,0.0,0.0,0.0,0.0,0.2886,0.1468
IMG_0511.png,data\processed\05_boot_roi\boot_mask\IMG_0511.png,106,106,106,41,33,completed_line_017,1,fragment_047,1833.4,519.0,1773.875,2900.0,1.432,80.025,2381.744,0.0,0.0,0.0,0.0,0.0,0.3161,0.1536
IMG_0511.png,data\processed\05_boot_roi\boot_mask\IMG_0511.png,106,106,106,41,33,completed_line_018,1,fragment_049,2014.406,519.0,1791.188,2900.0,5.356,96.421,2391.44,0.0,0.0,0.0,0.0,0.0,0.2748,0.1449
IMG_0511.png,data\processed\05_boot_roi\boot_mask\IMG_0511.png,106,106,106,41,33,completed_line_019,1,fragment_052,1094.2,519.0,1332.3,2900.0,5.711,80.399,2392.875,0.0,0.0,0.0,0.0,0.0,0.2506,0.1373
IMG_0511.png,data\processed\05_boot_roi\boot_mask\IMG_0511.png,106,106,106,41,33,completed_line_020,1,fragment_056,1269.966,519.0,1187.862,2900.0,1.975,87.052,2382.415,0.0,0.0,0.0,0.0,0.0,0.2267,0.132
IMG_0511.png,data\processed\05_boot_roi\boot_mask\IMG_0511.png,106,106,106,41,33,completed_line_021,1,fragment_058,1756.197,519.0,1873.295,2900.0,2.816,122.147,2383.878,0.0,0.0,0.0,0.0,0.0,0.2906,0.1514
IMG_0511.png,data\processed\05_boot_roi\boot_mask\IMG_0511.png,106,106,106,41,33,completed_line_022,1,fragment_060,1781.581,519.0,1858.387,2900.0,1.848,93.048,2382.238,0.0,0.0,0.0,0.0,0.0,0.2859,0.1474
IMG_0511.png,data\processed\05_boot_roi\boot_mask\IMG_0511.png,106,106,106,41,33,completed_line_023,1,fragment_061,1855.872,519.0,1899.56,2900.0,1.051,109.018,2381.401,0.0,0.0,0.0,0.0,0.0,0.2078,0.1294
IMG_0511.png,data\processed\05_boot_roi\boot_mask\IMG_0511.png,106,106,106,41,33,completed_line_024,1,fragment_064,1730.595,519.0,2014.048,2900.0,6.789,84.593,2397.813,0.0,0.0,0.0,0.0,0.0,0.219,0.1298
IMG_0511.png,data\processed\05_boot_roi\boot_mask\IMG_0511.png,106,106,106,41,33,completed_line_025,1,fragment_065,1742.096,519.0,1971.59,2900.0,5.505,83.385,2392.034,0.0,0.0,0.0,0.0,0.0,0.212,0.128
IMG_0511.png,data\processed\05_boot_roi\boot_mask\IMG_0511.png,106,106,106,41,33,completed_line_026,1,fragment_067,1781.0,519.0,1781.0,2900.0,0.0,94.0,2381.0,0.0,0.0,0.0,0.0,0.0,0.2657,0.1424
IMG_0511.png,data\processed\05_boot_roi\boot_mask\IMG_0511.png,106,106,106,41,33,completed_line_027,1,fragment_070,1897.865,519.0,1833.514,2900.0,1.548,111.041,2381.869,0.0,0.0,0.0,0.0,0.0,0.2141,0.1312
IMG_0511.png,data\processed\05_boot_roi\boot_mask\IMG_0511.png,106,106,106,41,33,completed_line_028,2,fragment_072|fragment_076,1287.644,519.0,1163.738,2900.0,2.979,176.23,2384.222,0.0,1.292,0.697,0.186,0.152,0.2654,0.2076
IMG_0511.png,data\processed\05_boot_roi\boot_mask\IMG_0511.png,106,106,106,41,33,completed_line_029,1,fragment_082,1559.178,519.0,1299.861,2900.0,6.216,101.597,2395.08,0.0,0.0,0.0,0.0,0.0,0.2481,0.1388
IMG_0511.png,data\processed\05_boot_roi\boot_mask\IMG_0511.png,106,106,106,41,33,completed_line_030,1,fragment_083,1218.0,519.0,1218.0,2900.0,0.0,80.0,2381.0,0.0,0.0,0.0,0.0,0.0,0.2128,0.1278
IMG_0511.png,data\processed\05_boot_roi\boot_mask\IMG_0511.png,106,106,106,41,33,completed_line_031,1,fragment_089,1296.0,519.0,1162.236,2900.0,3.215,89.14,2384.754,0.0,0.0,0.0,0.0,0.0,0.273,0.1437
IMG_0511.png,data\processed\05_boot_roi\boot_mask\IMG_0511.png,106,106,106,41,33,completed_line_032,1,fragment_092,1765.377,519.0,2012.462,2900.0,5.925,106.569,2393.786,0.0,0.0,0.0,0.0,0.0,0.1855,0.1236
IMG_0511.png,data\processed\05_boot_roi\boot_mask\IMG_0511.png,106,106,106,41,33,completed_line_033,1,fragment_096,1058.927,519.0,1349.293,2900.0,6.953,82.608,2398.64,0.0,0.0,0.0,0.0,0.0,0.2537,0.1383
